position,A,R,N,D,C,Q,E,G,H,I,L,K,M,F,P,S,T,W,Y,V
1S,-1.7456103563308716,-5.5303568840026855,-3.4502081871032715,-3.236030340194702,-3.464749336242676,-5.219460964202881,-5.601686477661133,-4.83013916015625,-1.8725451231002808,-5.142422676086426,-5.408149719238281,-5.090116024017334,-4.179944038391113,-4.216929912567139,-4.17540168762207,0.0,-3.605597734451294,-4.16392183303833,-4.002847194671631,-4.916697978973389
2K,-0.12589478492736816,-1.8369312286376953,-2.539038896560669,-1.464454174041748,-3.7867863178253174,-1.4359605312347412,-0.5741384029388428,-2.9289352893829346,-3.1021177768707275,-3.1281583309173584,-2.5199310779571533,0.0,-3.0424273014068604,-3.5420687198638916,0.8398489952087402,-1.074289321899414,-2.1082048416137695,-3.6012136936187744,-3.3484528064727783,-2.628216028213501
3G,-5.451544761657715,-5.577122688293457,-5.559271812438965,-5.578047275543213,-5.624616622924805,-5.502780914306641,-5.500310897827148,0.0,-5.634197235107422,-5.552143096923828,-5.598139762878418,-5.476042747497559,-5.550720691680908,-5.5872483253479,-5.5885186195373535,-5.534039497375488,-5.5305914878845215,-5.590242385864258,-5.51109504699707,-5.559854507446289
4E,-0.2882721424102783,-2.953907012939453,-3.1537952423095703,-1.6640335321426392,-4.332549095153809,-1.3022645711898804,0.0,-1.3792105913162231,-1.7288459539413452,-3.836273670196533,-4.35810661315918,-4.177752494812012,-3.4872798919677734,-4.611782073974609,-3.809647560119629,-0.6586573123931885,-2.466630458831787,-2.8152647018432617,-3.72719669342041,-5.225899696350098
5E,-1.5836478471755981,-2.0026464462280273,-2.2037577629089355,-1.8324214220046997,-3.8641152381896973,-0.8442469835281372,0.0,-2.3773574829101562,-3.306818962097168,-3.5217833518981934,-1.884769082069397,0.023644447326660156,-3.020534038543701,-3.8987045288085938,-4.011443138122559,-1.0635820627212524,-0.6364260911941528,-3.9793872833251953,-3.441378593444824,-3.2663912773132324
6L,-5.532062530517578,-5.0862812995910645,-5.673959255218506,-5.655285835266113,-6.145407676696777,-4.793356418609619,-5.55778694152832,-5.636308670043945,-5.577937602996826,-5.870060920715332,0.0,-4.575349807739258,-4.226872444152832,-5.460981845855713,-5.562479019165039,-5.6908063888549805,-5.804800987243652,-5.663133144378662,-4.574618816375732,-6.648972034454346
7F,-5.889082908630371,-5.70267391204834,-5.280655860900879,-5.42496395111084,-5.769035339355469,-5.499006748199463,-5.456582069396973,-5.459729194641113,-5.276467800140381,-5.922234058380127,-5.137488842010498,-5.281669616699219,-5.317840099334717,0.0,-5.717540264129639,-5.477241039276123,-5.4551591873168945,-6.91851806640625,-4.53654670715332,-5.696564674377441
8T,-0.48732447624206543,-0.20000982284545898,-0.47724223136901855,-0.6888186931610107,-2.087390661239624,0.7375609874725342,0.1404573917388916,-1.4227197170257568,-1.45546555519104,-2.530860662460327,-1.6272218227386475,2.576125383377075,-2.3625385761260986,-2.4701831340789795,-2.49308705329895,0.3204820156097412,0.0,-2.909616231918335,-2.415311098098755,-1.9610373973846436
9G,-3.9477970600128174,-3.828599214553833,-2.397732734680176,-1.5793187618255615,-4.967611312866211,-3.294313669204712,-2.454589366912842,0.0,-3.9564363956451416,-5.311779975891113,-5.414848327636719,-2.156437397003174,-5.087104797363281,-5.054657936096191,-5.155363082885742,-2.4631996154785156,-3.4644100666046143,-5.4675750732421875,-5.285985946655273,-5.174572944641113
10V,-2.8670570850372314,-0.5576691627502441,-2.474807024002075,-3.4697039127349854,-3.225410223007202,-2.431283712387085,-2.3451950550079346,-3.5629985332489014,-3.50932240486145,-0.5957226753234863,-1.2058179378509521,2.6308341026306152,-3.5586040019989014,-3.1965739727020264,-2.2068793773651123,-2.6011807918548584,-1.647810697555542,-3.6873228549957275,-3.349938154220581,0.0
11V,-5.868285655975342,-4.625760078430176,-5.992547512054443,-5.6335039138793945,-4.460970878601074,-4.781655788421631,-5.31711483001709,-5.699753761291504,-5.684238433837891,-3.3955469131469727,-6.013753890991211,-4.212643146514893,-5.455534934997559,-5.971023082733154,-5.745214462280273,-5.753419399261475,-2.3804492950439453,-5.299837589263916,-5.694969654083252,0.0
12P,-5.8629045486450195,-5.140261650085449,-4.557168483734131,-5.318564414978027,-6.568309783935547,-5.278717517852783,-5.666960716247559,-5.438573837280273,-5.643794059753418,-5.640575885772705,-5.768290042877197,-3.8935909271240234,-6.122341632843018,-5.940057754516602,0.0,-4.992308139801025,-6.153530597686768,-6.27650260925293,-5.860500812530518,-6.4328932762146
13I,-5.766640663146973,-5.62387752532959,-5.4190263748168945,-5.493926048278809,-4.406933784484863,-4.877815246582031,-5.693233013153076,-5.642435550689697,-5.412600994110107,0.0,-4.395094871520996,-5.2979512214660645,-4.4977216720581055,-5.504079341888428,-5.548990726470947,-5.9392805099487305,-5.31199312210083,-5.297323226928711,-5.387411594390869,-1.1686038970947266
14L,-0.999204158782959,1.8171701431274414,-0.6254673004150391,-1.2399821281433105,-2.3175902366638184,0.31775331497192383,0.22674298286437988,-2.296823024749756,-1.3819055557250977,-0.4991469383239746,0.0,3.136185884475708,-1.5279150009155273,-2.0752744674682617,-2.222461700439453,-0.07683181762695312,-0.13613557815551758,-2.092590808868408,-1.391510009765625,-0.2840447425842285
15V,-4.950619697570801,-5.235002040863037,-5.6262898445129395,-5.858586311340332,-4.746144771575928,-4.943055152893066,-5.1335768699646,-5.75363302230835,-6.312080383300781,-4.333484649658203,-5.983508586883545,-5.39639139175415,-5.798062801361084,-5.71720027923584,-5.739986419677734,-5.218743324279785,-4.301228046417236,-5.587610721588135,-5.886798858642578,0.0
16E,-2.175530433654785,-1.800763487815857,-0.727188229560852,-1.357303261756897,-3.5205793380737305,-0.49172985553741455,0.0,-2.4379639625549316,-0.25303924083709717,-3.0995545387268066,-2.4874730110168457,-0.6093498468399048,-3.186314105987549,-1.5354236364364624,-3.5599255561828613,-0.053342580795288086,-1.1579467058181763,-3.105001926422119,-1.201238751411438,-3.4043307304382324
17L,-5.4997639656066895,-5.495328903198242,-5.387276649475098,-5.111804962158203,-4.665139198303223,-5.155173301696777,-5.359344959259033,-5.418891906738281,-5.345727920532227,-5.406208515167236,0.0,-5.028878211975098,-2.9506473541259766,-5.468304634094238,-5.249574184417725,-5.416519641876221,-5.631307601928711,-5.73839807510376,-5.493849754333496,-5.5079145431518555
18D,-1.4337141513824463,-1.0512676239013672,-0.406951904296875,0.0,-2.5956153869628906,0.1536855697631836,0.9294195175170898,-2.888051986694336,-1.8278136253356934,-1.216439962387085,-1.3884243965148926,0.6311540603637695,-2.215984344482422,-2.4158735275268555,-2.9076600074768066,-0.44847726821899414,-0.15270376205444336,-2.8909735679626465,-2.2779459953308105,-0.6042618751525879
19G,-5.241676330566406,-5.571987152099609,-5.621171951293945,-5.677539825439453,-5.564842224121094,-5.524791240692139,-5.624225616455078,0.0,-5.636429309844971,-5.581485271453857,-5.589112281799316,-5.5232696533203125,-5.511725425720215,-5.554695129394531,-5.5872392654418945,-5.781599044799805,-5.665499687194824,-5.588277816772461,-5.555851459503174,-5.575372695922852
20D,-3.9011118412017822,-4.745499610900879,-1.966005802154541,0.0,-3.65112566947937,-2.8837950229644775,0.4811609387397766,-4.755852699279785,-4.714023590087891,-3.860544443130493,-4.973339080810547,-3.639639139175415,-4.235677719116211,-4.926328659057617,-4.783808708190918,-2.0862648487091064,-2.673908233642578,-4.983868598937988,-4.461973190307617,-3.677964925765991
21V,-5.459020137786865,-5.793982028961182,-5.7454047203063965,-5.491453647613525,-5.430070877075195,-5.840195178985596,-5.6811089515686035,-5.722980499267578,-5.62917423248291,-4.322959899902344,-6.184706211090088,-5.478224277496338,-5.913397312164307,-5.6654462814331055,-5.455038547515869,-5.892055511474609,-5.506819725036621,-5.52023983001709,-5.737329006195068,0.0
22N,-4.617615222930908,-5.737062931060791,0.0,-4.798719882965088,-5.105958938598633,-5.143392562866211,-4.642552375793457,-5.246363639831543,-5.892884731292725,-6.007756233215332,-5.815057754516602,-5.446120262145996,-5.315185546875,-5.419404029846191,-5.346997261047363,-5.1653876304626465,-5.075403213500977,-5.179687976837158,-5.64631462097168,-4.70951509475708
23G,-4.816738128662109,-4.7282257080078125,-3.3581087589263916,-3.7464869022369385,-5.468474388122559,-4.277965545654297,-4.07452917098999,0.0,-4.858375072479248,-5.344270706176758,-5.250095844268799,-3.590993642807007,-5.27076530456543,-5.115120887756348,-5.459689140319824,-4.047270774841309,-4.987378120422363,-5.4611310958862305,-5.053305625915527,-5.313207149505615
24H,-0.5528035163879395,1.712944507598877,0.6063578128814697,-0.43419313430786133,-1.1308841705322266,1.8732428550720215,0.8535900115966797,-1.533614158630371,0.0,0.7961733341217041,1.2195355892181396,4.215494155883789,-0.16933631896972656,-1.3638691902160645,-1.506840705871582,-0.9100499153137207,-1.3317232131958008,-1.798731803894043,-0.7200789451599121,-0.6320128440856934
25K,-4.591278076171875,-2.0089755058288574,-4.411714553833008,-5.47718620300293,-5.416256904602051,-2.730741262435913,-3.5147297382354736,-5.410562515258789,-4.3430633544921875,-4.712141036987305,-4.781756401062012,0.0,-5.170083999633789,-5.068124771118164,-4.9999847412109375,-4.110660552978516,-3.210172653198242,-5.571616172790527,-4.966567039489746,-4.03021240234375
26F,-5.370480060577393,-5.67462158203125,-5.357120990753174,-5.28094482421875,-5.351875305175781,-5.688567161560059,-5.350417613983154,-5.609670639038086,-5.593761444091797,-6.14096212387085,-6.235311031341553,-5.58009672164917,-5.857232570648193,0.0,-5.529689788818359,-5.167641639709473,-5.166997909545898,-6.225468158721924,-4.503419876098633,-5.769852161407471
27S,-1.7674293518066406,-0.09048914909362793,-1.846684455871582,-3.3303005695343018,-3.2583839893341064,-1.4395289421081543,-2.396962881088257,-3.0914175510406494,1.3117961883544922,-3.0723459720611572,-3.8432419300079346,0.16964483261108398,-3.0232088565826416,-3.8358919620513916,-3.4679501056671143,0.0,-1.7964262962341309,-3.7162716388702393,-3.2638742923736572,-3.739783525466919
28V,-5.372625827789307,-5.13147497177124,-5.348699569702148,-5.279947757720947,-5.315858364105225,-5.380715847015381,-5.365038871765137,-5.321567535400391,-5.339405536651611,-1.3289947509765625,-5.556272506713867,-5.318506717681885,-5.292169570922852,-5.378515720367432,-5.085485458374023,-5.173991680145264,-5.183255672454834,-5.244477272033691,-5.436796188354492,0.0
29S,-1.9715569019317627,-1.414921760559082,-3.263549327850342,-4.175569534301758,-4.045651435852051,-2.077449321746826,-2.508718967437744,-3.9209141731262207,-1.4213862419128418,-4.193177223205566,-4.5076117515563965,-0.7017571926116943,-3.705824375152588,-4.075034141540527,-4.300323486328125,0.0,-2.2998456954956055,-4.721908092498779,-3.9761962890625,-4.047576904296875
30G,-5.1224141120910645,-5.518247127532959,-5.6214470863342285,-5.642280101776123,-5.514225959777832,-5.4762115478515625,-5.543082237243652,0.0,-5.614633560180664,-5.518973350524902,-5.482522964477539,-5.432931900024414,-5.487612724304199,-5.565547466278076,-5.59685754776001,-5.792353630065918,-5.565277576446533,-5.576672554016113,-5.515937328338623,-5.44950532913208
31E,-1.601741075515747,-1.320056438446045,-2.373114585876465,-2.451258420944214,-3.080627918243408,-1.0642979145050049,0.0,-3.416020393371582,-2.065488576889038,-2.5758533477783203,-3.625227928161621,-0.5602355003356934,-3.151115894317627,-2.4072227478027344,-3.78493595123291,-0.2801605463027954,-1.5406579971313477,-2.057871103286743,-2.086076259613037,-1.9935712814331055
32G,-5.485599040985107,-5.437156677246094,-5.570443153381348,-5.577014923095703,-5.594183444976807,-5.5530500411987305,-5.602358818054199,0.0,-5.575779914855957,-5.54432487487793,-5.460787296295166,-5.397520542144775,-5.556793689727783,-5.532734394073486,-5.524319648742676,-5.426688194274902,-5.635128498077393,-5.548736572265625,-5.535887241363525,-5.556759357452393
33E,-1.2907023429870605,-1.5137734413146973,-1.3895745277404785,-2.258072853088379,-2.016598701477051,-0.5629711151123047,0.0,-3.1427483558654785,-1.340343952178955,-1.248988151550293,-2.760651111602783,-0.35938525199890137,-2.207063674926758,-1.1589899063110352,-3.4101672172546387,-0.9178214073181152,0.4337458610534668,-2.4725050926208496,-1.0311293601989746,1.3916696310043335
34G,-5.289346218109131,-5.496674060821533,-5.628033638000488,-5.704593181610107,-5.585642337799072,-5.519684791564941,-5.58123254776001,0.0,-5.527220249176025,-5.580284118652344,-5.559106349945068,-5.453545093536377,-5.531184673309326,-5.555011749267578,-5.5940656661987305,-5.759454727172852,-5.604515075683594,-5.553380489349365,-5.5286760330200195,-5.58859395980835
35D,-4.968329906463623,-4.617068290710449,-0.4246840476989746,0.0,-4.901047706604004,-3.9313268661499023,-3.6448068618774414,-5.350767135620117,-4.249821662902832,-3.999591827392578,-3.7199349403381348,-4.212502956390381,-4.557742118835449,-4.587414264678955,-5.062323570251465,-3.9983558654785156,-4.1686177253723145,-4.570450305938721,-4.0060133934021,-4.268649101257324
36A,0.0,-5.63761043548584,-5.967922210693359,-5.626266956329346,-5.793081760406494,-5.447027683258057,-5.701460361480713,-5.179073333740234,-6.081603050231934,-5.765796661376953,-5.5754241943359375,-5.656221389770508,-5.768935680389404,-5.655338287353516,-4.692865371704102,-3.311954975128174,-5.724493980407715,-5.5697126388549805,-5.582052707672119,-5.8137736320495605
37T,-1.3164408206939697,-0.07155370712280273,-0.30216360092163086,-2.8469650745391846,-2.287381410598755,0.5597916841506958,-0.9719901084899902,-2.1703531742095947,-2.959739923477173,-1.416175127029419,-0.9387247562408447,0.8184163570404053,-2.4667136669158936,-2.581627130508423,-1.750117540359497,-1.0147039890289307,0.0,-3.3497164249420166,-2.639263868331909,0.3064615726470947
38Y,-0.2520923614501953,0.8363327980041504,1.0447347164154053,-0.21529817581176758,-0.9218354225158691,1.904627799987793,1.7325596809387207,-1.5326428413391113,0.5880272388458252,-0.3044734001159668,2.3060555458068848,3.15803861618042,-0.25294017791748047,-0.07925271987915039,-1.5358424186706543,0.44813108444213867,1.1234283447265625,-1.3521580696105957,0.0,-0.34169816970825195
39G,-5.427513122558594,-5.537423133850098,-5.6334547996521,-5.610877990722656,-5.607805252075195,-5.531459331512451,-5.59407377243042,0.0,-5.6395263671875,-5.5313568115234375,-5.610016822814941,-5.53525972366333,-5.517038345336914,-5.515989303588867,-5.5407938957214355,-5.436197280883789,-5.627890586853027,-5.538843631744385,-5.508648872375488,-5.570792198181152
40K,-4.345240592956543,-0.9937195777893066,-4.673573017120361,-5.5612874031066895,-2.4473443031311035,-1.4626643657684326,-1.8879151344299316,-4.829202651977539,-4.828408718109131,-4.040956497192383,-2.550550937652588,0.0,-2.548975944519043,-4.837428092956543,-4.905569076538086,-4.290345191955566,-3.10306453704834,-5.036960124969482,-4.647017478942871,-3.902895450592041
41L,-5.057129383087158,-2.927792549133301,-3.4811697006225586,-5.119204044342041,-3.5458216667175293,-2.6208183765411377,-3.6206889152526855,-5.0973711013793945,-5.138710021972656,-1.7064316272735596,0.0,-1.9219403266906738,-2.5568108558654785,-5.380226135253906,-4.845953941345215,-3.9335923194885254,-3.145949125289917,-5.222023010253906,-5.0096940994262695,-2.42571759223938
42T,-0.5491359233856201,0.7066431045532227,0.5605998039245605,0.17629408836364746,-1.0510931015014648,0.8724722862243652,1.626150369644165,-1.665849208831787,-1.0717082023620605,-0.14166498184204102,0.4861140251159668,1.2918355464935303,-0.6611247062683105,-0.09700584411621094,-1.9324936866760254,0.6986227035522461,0.0,-1.1995892524719238,0.047662973403930664,0.975186824798584
43L,-5.586158275604248,-5.088996410369873,-5.060333728790283,-5.5322160720825195,-4.921693801879883,-3.968332529067993,-5.044572353363037,-5.329710483551025,-6.046137809753418,-3.3855581283569336,0.0,-5.271744251251221,-3.0356101989746094,-5.917046070098877,-5.499205589294434,-5.459829330444336,-5.294523239135742,-5.8193817138671875,-5.998291969299316,-4.358713150024414
44K,-4.879881858825684,-3.169492721557617,-4.533191204071045,-5.745044708251953,-4.95235013961792,-2.2676429748535156,-3.145218849182129,-4.870061874389648,-2.143644094467163,-4.267441272735596,-4.548151969909668,0.0,-3.513258457183838,-5.003021240234375,-5.250431060791016,-3.4827098846435547,-2.354353904724121,-5.507992744445801,-5.0551605224609375,-4.676390647888184
45F,-5.1804518699646,-5.913283348083496,-4.772109031677246,-5.349631309509277,-4.566669464111328,-5.458041667938232,-5.287712574005127,-5.52484655380249,-4.35343074798584,-6.023300647735596,-5.181766033172607,-5.310296058654785,-5.0802388191223145,0.0,-5.619312286376953,-5.75332498550415,-5.972468852996826,-6.110833644866943,-2.5334312915802,-5.2913970947265625
46I,-4.746942043304443,-4.15122652053833,-4.452294826507568,-5.210529327392578,-4.209347248077393,-4.253073215484619,-4.395547866821289,-5.1249284744262695,-4.850072383880615,0.0,-3.4216411113739014,-4.033547401428223,-4.773895740509033,-4.947335243225098,-4.867457389831543,-4.612364292144775,-3.581949472427368,-3.393913984298706,-4.60170316696167,0.2687087059020996
47C,-3.595736026763916,-3.9980087280273438,0.6922903060913086,-2.214353084564209,0.0,-3.4681954383850098,-3.9525909423828125,-4.589876174926758,-3.9963130950927734,-4.6493730545043945,-4.204298973083496,-4.904258728027344,-4.517406463623047,-4.706937313079834,-4.553476810455322,-3.1362218856811523,-3.7357969284057617,-4.58786678314209,-4.296943664550781,-3.5175819396972656
48T,-5.388401985168457,-3.2775790691375732,-1.8723232746124268,-2.300062894821167,-4.9431562423706055,-3.5834295749664307,-1.56014084815979,-4.851558685302734,-4.093605041503906,-2.649972915649414,-4.271651268005371,-2.664212465286255,-4.497638702392578,-4.69295597076416,-4.975595474243164,-3.16534161567688,0.0,-5.0030364990234375,-4.889228820800781,-1.909794569015503
49T,-4.205113887786865,-4.77982234954834,-3.9398000240325928,-3.8256447315216064,-4.779881477355957,-4.760685920715332,-4.35188627243042,-4.629093170166016,-4.8705854415893555,-4.825641632080078,-4.665501594543457,-3.915799856185913,-5.119851589202881,-4.84337854385376,-4.8662028312683105,-0.18388962745666504,0.0,-4.664290904998779,-4.232732772827148,-5.026064872741699
50G,-5.678130149841309,-5.540886878967285,-5.543952465057373,-5.533968925476074,-5.597133636474609,-5.545254230499268,-5.570671558380127,0.0,-5.608999252319336,-5.518757343292236,-5.508667469024658,-5.48042106628418,-5.5381245613098145,-5.595524311065674,-5.557530403137207,-5.493075370788574,-5.571847915649414,-5.599425315856934,-5.590250015258789,-5.552279472351074
51K,-2.2429795265197754,-2.2406344413757324,-2.577470541000366,-2.290865898132324,-4.484023094177246,-1.8511607646942139,-1.005053997039795,-4.0711669921875,-3.792562961578369,-3.7754464149475098,-3.6254630088806152,0.0,-3.93172025680542,-4.35510778427124,-1.7157032489776611,-2.352659225463867,-2.0246989727020264,-4.853160381317139,-4.249619483947754,-2.8429806232452393
52L,-6.409708023071289,-6.12897253036499,-4.417682647705078,-5.6360015869140625,-5.2265777587890625,-5.845576286315918,-5.740266799926758,-6.149986267089844,-5.357736110687256,-4.8171281814575195,0.0,-5.3878374099731445,-5.320159912109375,-5.465981483459473,-5.600963115692139,-5.957077503204346,-5.930976390838623,-6.139331817626953,-5.524345397949219,-6.066039562225342
53P,-6.150049686431885,-5.942374229431152,-5.486387729644775,-5.966951370239258,-5.6307291984558105,-5.688638210296631,-5.742226600646973,-5.733524799346924,-5.672661304473877,-5.280696392059326,-5.73710823059082,-5.504337787628174,-5.882453918457031,-5.738070011138916,0.0,-5.652912616729736,-5.438301086425781,-5.619999408721924,-5.580469608306885,-5.493263244628906
54V,-5.773675918579102,-6.0338287353515625,-5.991941928863525,-5.560266494750977,-5.03233528137207,-5.742998123168945,-5.601761341094971,-5.795215606689453,-5.692794322967529,-3.516113519668579,-6.281540870666504,-6.005166053771973,-5.826009750366211,-5.69312858581543,-5.510322570800781,-5.873021602630615,-5.00454044342041,-6.059027671813965,-6.283425331115723,0.0
55P,-5.572649002075195,-6.210649490356445,-4.796004295349121,-4.7435407638549805,-5.230041027069092,-5.779136657714844,-5.977509498596191,-5.896494388580322,-5.280243396759033,-5.7898125648498535,-5.943559646606445,-5.730515480041504,-5.80303955078125,-5.838587284088135,0.0,-4.572837829589844,-5.679083824157715,-5.657660961151123,-5.8318071365356445,-6.133984565734863
56W,-2.7767019271850586,-3.929628372192383,-4.478307723999023,-5.333578109741211,-4.5783209800720215,-2.6025209426879883,-1.884182333946228,-4.4891157150268555,-3.4032063484191895,-4.059355735778809,-3.9963455200195312,-3.7174577713012695,-4.225107669830322,-3.3432836532592773,-3.481447219848633,-3.595643997192383,-3.8141050338745117,0.0,-2.777707099914551,-4.365827560424805
57P,-4.14178991317749,-5.581873893737793,-3.232600450515747,-4.380001068115234,-4.81947660446167,-3.6279783248901367,-4.100222587585449,-5.162770748138428,-5.488426208496094,-5.30525541305542,-5.939571857452393,-5.552565097808838,-4.061959266662598,-5.258848667144775,0.0,-2.447908878326416,-1.0824260711669922,-5.034813404083252,-5.09688663482666,-2.283090114593506
58T,-2.201592445373535,-5.517086029052734,-3.9202728271484375,-4.2351555824279785,-1.7247856855392456,-4.869498252868652,-4.781265735626221,-4.819751739501953,-4.881814956665039,-4.969992160797119,-5.100100517272949,-4.94019889831543,-4.86492395401001,-5.0264458656311035,-5.111651420593262,-2.6579627990722656,0.0,-5.280765533447266,-4.895954132080078,-1.685792326927185
59L,-5.940256118774414,-5.70354700088501,-5.3332109451293945,-5.512139320373535,-5.567780494689941,-5.372480869293213,-5.422473907470703,-5.66123104095459,-5.527746677398682,-5.360538959503174,0.0,-5.3571858406066895,-5.514951705932617,-5.933072090148926,-5.509945392608643,-5.396450519561768,-5.320329189300537,-5.455572128295898,-5.531879901885986,-5.806759834289551
60V,-4.703598976135254,-3.4626755714416504,-4.630251884460449,-5.51497745513916,-4.565319061279297,-4.123269557952881,-4.809156894683838,-5.250849723815918,-5.081452369689941,-4.784191131591797,-4.868313312530518,-4.085006237030029,-5.570601463317871,-5.269425868988037,-5.4849090576171875,-5.231245517730713,-3.721064329147339,-5.000481605529785,-4.830976486206055,0.0
61T,0.09559464454650879,-2.6087350845336914,-0.22913599014282227,0.48845744132995605,-2.1974658966064453,-0.5271289348602295,0.10964131355285645,-1.6260180473327637,-2.481109619140625,-2.5534071922302246,-2.67922306060791,-1.9969048500061035,-1.4054718017578125,-3.024144172668457,1.6387734413146973,2.1008596420288086,0.0,-2.6478271484375,-2.9304490089416504,-2.238475799560547
62T,-1.3809970617294312,-4.186143398284912,-0.36205410957336426,-2.6878504753112793,-2.3807835578918457,-2.5565896034240723,-3.2155327796936035,-3.550990581512451,-3.5426406860351562,-0.35627663135528564,-3.8867011070251465,-3.5054450035095215,-3.7213926315307617,-3.814502239227295,-2.7302842140197754,-0.45341289043426514,0.0,-3.5194272994995117,-3.934950828552246,0.0032918453216552734
63L,-6.030691146850586,-5.975524425506592,-5.453324794769287,-5.745558738708496,-5.0445122718811035,-5.814855098724365,-5.709235191345215,-5.690491199493408,-5.720730304718018,-5.615787982940674,0.0,-5.7405500411987305,-4.429473876953125,-4.772773265838623,-5.800845146179199,-5.38018274307251,-5.585690498352051,-5.873677730560303,-5.337616920471191,-5.202620506286621
64V,-0.8872237205505371,-1.9780387878417969,-1.0090689659118652,-2.180384635925293,1.02683687210083,-0.30215930938720703,-0.2542228698730469,-2.353679656982422,-2.2546029090881348,-2.2706775665283203,0.6631503105163574,-1.6064062118530273,0.6547751426696777,-2.2945499420166016,2.626051902770996,-0.8341813087463379,0.7733330726623535,-2.885477066040039,-2.7367734909057617,0.0
65Q,-0.46662259101867676,-0.8774421215057373,2.613271951675415,0.28418779373168945,-1.5113131999969482,0.0,-0.41808533668518066,-1.5432813167572021,0.42255091667175293,-1.6321122646331787,0.770819902420044,-1.6443512439727783,0.6744225025177002,1.7607678174972534,0.65006422996521,-0.08454465866088867,-0.9949915409088135,-0.16952729225158691,1.8422060012817383,-1.3619654178619385
66C,-0.3479630947113037,-4.693207740783691,-3.259305477142334,-4.271943092346191,0.0,-3.057521343231201,-2.376833915710449,-4.000535011291504,-4.4620361328125,-4.83603048324585,-4.084866046905518,-4.748383045196533,-4.130690574645996,-5.055466651916504,-1.2014000415802002,-1.586893081665039,-2.4212887287139893,-4.535696029663086,-5.014947891235352,-2.942983865737915
67F,-5.813344955444336,-5.915665626525879,-5.2672553062438965,-5.923023223876953,-4.688387870788574,-5.081617832183838,-5.610541343688965,-5.806075096130371,-3.8691251277923584,-5.437819480895996,-5.291766166687012,-5.3919453620910645,-3.830453395843506,0.0,-6.229889869689941,-6.289940357208252,-5.955634117126465,-6.414339065551758,-3.7865467071533203,-5.408855438232422
68A,0.0,-5.712986946105957,-5.5547566413879395,-5.8392863273620605,-4.994091033935547,-5.316145896911621,-5.428172588348389,-5.4470415115356445,-5.672084808349609,-5.465723514556885,-5.73300838470459,-5.564291954040527,-5.662337303161621,-5.604857921600342,-5.260514736175537,-3.935030221939087,-4.709257125854492,-5.756767272949219,-5.624890327453613,-5.59152889251709
69R,-3.4213497638702393,0.0,-2.6570115089416504,-4.062743186950684,-4.014220237731934,-1.798459529876709,-2.540130615234375,-4.743764877319336,-2.4576210975646973,-4.888012886047363,-2.111117362976074,0.3321866989135742,-3.9659817218780518,-2.861680269241333,-4.827588081359863,-3.5326364040374756,-4.451718330383301,-3.7420504093170166,-2.470872402191162,-4.687312126159668
70Y,-5.282253265380859,-5.564482688903809,-5.302145481109619,-5.1444091796875,-4.881168842315674,-5.13014030456543,-4.908963680267334,-5.278871536254883,-4.4710235595703125,-5.188612937927246,-5.182551383972168,-4.968898773193359,-4.190829753875732,0.3513321876525879,-5.210691928863525,-5.28634786605835,-4.209559917449951,-3.520172119140625,0.0,-4.163681507110596
71P,-4.763731002807617,-5.687127590179443,-5.437123775482178,-5.128940582275391,-5.560789585113525,-5.2208662033081055,-4.930337429046631,-5.576699256896973,-5.565184116363525,-5.435806751251221,-5.420378684997559,-5.423764705657959,-5.554802894592285,-5.516772747039795,0.0,-5.2008514404296875,-5.672298431396484,-5.744873046875,-5.499503135681152,-5.678152084350586
72D,-1.0261889696121216,-2.938178539276123,-1.7319456338882446,0.0,-4.027200222015381,-1.863515019416809,0.47853779792785645,-2.9783740043640137,-3.19427490234375,-3.1773366928100586,-2.8003578186035156,-1.926292061805725,-3.6078882217407227,-3.59220552444458,-1.7968698740005493,-1.6564804315567017,-2.368501663208008,-3.786271572113037,-3.578423500061035,-2.922083854675293
73H,-3.9379498958587646,-5.112489700317383,-2.6912951469421387,-3.8558480739593506,-3.8925302028656006,-4.203591346740723,-4.194300651550293,-4.773876190185547,0.0,-4.239443778991699,-4.492362976074219,-4.030054092407227,-5.164911270141602,-3.66416335105896,-4.250420570373535,-3.1009881496429443,-3.8070857524871826,0.5818958282470703,-3.0657060146331787,-4.441306114196777
74M,-6.078510284423828,-6.923680305480957,-5.938127517700195,-5.8147783279418945,-5.858652114868164,-3.2360174655914307,-5.612384796142578,-6.285901069641113,-6.543227195739746,-3.9283928871154785,-4.024706840515137,-6.4280805587768555,0.0,-5.90902042388916,-5.782327651977539,-6.263390064239502,-6.224908351898193,-5.978089332580566,-5.872324466705322,-5.82889986038208
75K,-4.071028232574463,-1.8677711486816406,-5.323170185089111,-6.204347610473633,-5.537956714630127,-3.329441785812378,-4.897127628326416,-5.50382661819458,-4.561175346374512,-4.511396408081055,-3.686624050140381,0.0,-4.842018127441406,-5.6280436515808105,-5.771696090698242,-4.434005260467529,-4.577292442321777,-5.573247909545898,-5.917439937591553,-4.283369064331055
76Q,-0.5356981754302979,-0.8819360733032227,-0.2749214172363281,-0.18047857284545898,-2.655733585357666,0.0,0.35612916946411133,-1.1612849235534668,-1.4241485595703125,-2.2437009811401367,-2.253175735473633,1.3434876203536987,-2.3405117988586426,-2.5598678588867188,-0.7484631538391113,-0.26004648208618164,-1.4255571365356445,-3.1561975479125977,-2.476349353790283,-1.8620357513427734
77H,-4.327491283416748,-4.565699100494385,0.27269768714904785,-2.0889995098114014,-4.018702030181885,-3.7520298957824707,-4.80984354019165,-4.7774739265441895,0.0,-4.875341892242432,-4.666273593902588,-4.6998772621154785,-4.79013204574585,-2.5366475582122803,-4.557253360748291,-3.9516186714172363,-5.132761478424072,-3.1996684074401855,-1.0448591709136963,-4.305943965911865
78D,-5.071520805358887,-6.040398597717285,-3.235891819000244,0.0,-4.922722816467285,-5.494665145874023,-6.378818511962891,-5.960343360900879,-5.782556056976318,-5.40714168548584,-5.443339824676514,-5.532208442687988,-5.491840362548828,-5.473912715911865,-5.678334712982178,-5.268475532531738,-5.914701461791992,-5.397082805633545,-5.530308723449707,-5.7861738204956055
79F,-5.705931663513184,-5.69698429107666,-5.529134273529053,-5.842769622802734,-5.675950050354004,-5.261135578155518,-5.499817371368408,-5.545269966125488,-5.447518348693848,-5.687239646911621,-6.340209007263184,-5.529020309448242,-5.638956546783447,0.0,-5.393086910247803,-5.7611870765686035,-5.237061500549316,-4.513811111450195,-3.225518226623535,-5.537670135498047
80F,-5.003881931304932,-5.051652908325195,-4.668395519256592,-4.610640525817871,-4.832380771636963,-4.487905979156494,-3.9542622566223145,-4.841362953186035,-4.299265384674072,-5.464954376220703,-5.049963474273682,-4.805222511291504,-4.452713489532471,0.0,-4.807960033416748,-5.0854291915893555,-4.6324639320373535,-3.27034330368042,-0.20668697357177734,-4.820617198944092
81K,-4.086637020111084,-0.438194215297699,-4.325710773468018,-4.738708019256592,-4.261599063873291,-1.6069972515106201,-4.831283092498779,-4.996356010437012,-4.010480880737305,-4.996359825134277,-5.5813751220703125,0.0,-4.1584086418151855,-4.983855724334717,-4.84202241897583,-4.088870048522949,-3.070272207260132,-4.707085609436035,-5.004234790802002,-5.031610488891602
82S,-3.786966323852539,-6.004578113555908,-6.320878505706787,-5.721700191497803,-5.681789875030518,-5.375565052032471,-5.679707050323486,-5.5533061027526855,-5.779650688171387,-5.111581802368164,-5.306556701660156,-5.516236305236816,-5.370885372161865,-5.494264602661133,-4.959422588348389,0.0,-5.729639530181885,-5.30554723739624,-5.281561374664307,-5.613925457000732
83A,0.0,-4.144056797027588,-4.441447734832764,-4.22251033782959,-0.2737915515899658,-4.007901668548584,-4.2924017906188965,-4.351154804229736,-4.342342376708984,-5.233837127685547,-4.456666946411133,-4.2708258628845215,-4.119986057281494,-4.156920433044434,-4.034902572631836,-1.8532462120056152,0.2434706687927246,-3.77774715423584,-3.6655473709106445,-3.344973564147949
84M,-4.487040996551514,-5.210546493530273,-4.320699214935303,-4.459275245666504,-2.993175506591797,-1.2470155954360962,-3.915778636932373,-4.057239532470703,-3.2106308937072754,-4.648465156555176,-0.6647164821624756,-4.1954145431518555,0.0,-2.6612234115600586,-4.194721221923828,-4.208109378814697,-4.375915050506592,-5.153515815734863,-4.691473484039307,-4.824569225311279
85P,-5.861976146697998,-5.760073661804199,-5.6928887367248535,-5.903204441070557,-5.882718086242676,-5.711256504058838,-5.822700500488281,-5.693995475769043,-5.790732383728027,-5.474608421325684,-5.600515365600586,-5.641439437866211,-5.751584053039551,-5.646673679351807,0.0,-6.026318550109863,-5.6690850257873535,-5.796665668487549,-5.542456150054932,-5.696536064147949
86E,-1.3633928298950195,-4.769096374511719,-3.204352378845215,-0.011450767517089844,-4.257340431213379,-2.2562854290008545,0.0,-4.394726276397705,-3.6497325897216797,-4.783575534820557,-4.60505485534668,-2.801133871078491,-4.5084428787231445,-4.856585502624512,-4.320003509521484,-2.7176973819732666,-3.6132254600524902,-4.548728942871094,-4.581851005554199,-4.381494998931885
87G,-5.501884460449219,-5.532308101654053,-5.600284576416016,-5.568408012390137,-5.5885515213012695,-5.511622428894043,-5.567515850067139,0.0,-5.579943656921387,-5.52439022064209,-5.530541896820068,-5.460162162780762,-5.536848545074463,-5.581780433654785,-5.554285526275635,-5.593483924865723,-5.551250457763672,-5.516605377197266,-5.513795852661133,-5.529959678649902
88Y,-6.220048427581787,-5.704497337341309,-5.782839298248291,-6.183586120605469,-5.787607669830322,-5.638972282409668,-5.339141368865967,-6.48585319519043,-5.170007228851318,-5.86281681060791,-5.333613395690918,-6.693406581878662,-4.6565985679626465,-2.7805697917938232,-6.638884544372559,-6.213459014892578,-5.243092060089111,-3.9130146503448486,0.0,-5.668716907501221
89V,-4.587313652038574,-4.325920581817627,-4.547740459442139,-5.162172794342041,-4.862654685974121,-4.531034469604492,-4.3511762619018555,-4.997733116149902,-4.431953430175781,0.07128334045410156,-5.3586015701293945,-3.6755337715148926,-4.768293380737305,-4.451979160308838,-4.923960208892822,-4.632194519042969,-2.5677709579467773,-5.09999418258667,-4.480396270751953,0.0
90Q,-3.2090463638305664,-0.21944189071655273,-1.7774218320846558,-2.683708667755127,-2.6899495124816895,0.0,0.002745389938354492,-3.9136385917663574,-3.363241195678711,-4.209811210632324,-2.250124931335449,-1.3987845182418823,-2.2586727142333984,-4.103421211242676,-4.0388712882995605,-2.5431861877441406,-4.110452651977539,-4.0500874519348145,-4.313291549682617,-4.217938423156738
91E,-4.446890830993652,-3.700040817260742,-3.1245064735412598,-3.751554489135742,-5.098754405975342,-2.590895414352417,0.0,-5.350581645965576,-5.02419900894165,-4.535935401916504,-5.594320297241211,-2.4083945751190186,-5.066615104675293,-5.564520835876465,-5.333950042724609,-2.790374755859375,-1.9112982749938965,-5.063455581665039,-4.759639739990234,-4.1627044677734375
92R,-0.8159337043762207,0.0,-2.1135878562927246,-2.8184919357299805,-2.870053768157959,1.4140602350234985,0.13035011291503906,-2.9137144088745117,-2.818209171295166,-3.4538912773132324,-3.315673351287842,1.103101372718811,-0.5047867298126221,-3.4911952018737793,-3.194641590118408,-0.7524642944335938,-1.8883461952209473,-3.2888026237487793,-3.366288661956787,-3.106973648071289
93T,-4.392487049102783,-4.907263278961182,-3.7262825965881348,-3.455056667327881,-4.906606674194336,-4.192488670349121,-2.4180026054382324,-5.574384689331055,-4.967733860015869,-2.4056296348571777,-5.527212142944336,-3.4917821884155273,-5.222029685974121,-5.184783935546875,-5.461024284362793,-3.5187788009643555,0.0,-5.242948055267334,-4.841346263885498,-2.041914463043213
94I,-5.864137172698975,-5.752892017364502,-5.819508075714111,-5.940903663635254,-5.7541046142578125,-5.036744117736816,-5.27611780166626,-6.035365581512451,-5.8882365226745605,0.0,-5.712119102478027,-5.141082763671875,-4.5295796394348145,-5.9190874099731445,-5.694545745849609,-5.66959810256958,-4.4087347984313965,-5.388862133026123,-5.6832404136657715,-3.7912180423736572
95F,-1.8902606964111328,-0.9817352294921875,2.1086888313293457,0.16069936752319336,-1.7934255599975586,0.5702517032623291,0.546757698059082,-2.1530909538269043,1.0975933074951172,-0.004270792007446289,1.0380349159240723,0.8492999076843262,-1.5517358779907227,0.0,-2.131467342376709,-0.9586877822875977,-1.459075927734375,-1.306119441986084,1.061844825744629,-0.9733209609985352
96F,-5.587158679962158,-6.368440628051758,-5.11732816696167,-5.585134506225586,-5.473635673522949,-5.192710876464844,-5.198840618133545,-5.618296146392822,-3.8916914463043213,-5.871901512145996,-6.402040958404541,-5.832220077514648,-5.339630126953125,0.0,-5.544431686401367,-5.865674018859863,-5.737943172454834,-3.5304808616638184,-2.1681432723999023,-5.340667724609375
97K,-1.464876651763916,-1.6235153675079346,-2.6899306774139404,-2.5757687091827393,-4.383278846740723,-0.4925723075866699,-0.9040231704711914,-4.0957183837890625,-2.8676071166992188,-4.098461151123047,-2.8305482864379883,0.0,-3.545619249343872,-3.2875893115997314,-4.321168899536133,-2.5002546310424805,-3.3889009952545166,-4.060083389282227,-2.995150327682495,-3.5836403369903564
98D,-4.545505046844482,-4.864283561706543,-1.265789270401001,0.0,-5.229490280151367,-4.193110466003418,-2.63205623626709,-2.255728244781494,-4.549429416656494,-5.173744201660156,-4.944143295288086,-3.825921058654785,-5.0005388259887695,-5.26854944229126,-5.306476593017578,-3.780001163482666,-5.018282890319824,-5.549524784088135,-5.200997352600098,-5.434100151062012
99D,-6.5649824142456055,-6.328336715698242,-4.658252716064453,0.0,-5.8112311363220215,-5.29890251159668,-4.296612739562988,-5.699368476867676,-6.532639980316162,-5.83607292175293,-6.398710250854492,-5.986532211303711,-5.953112602233887,-6.038902759552002,-5.911210536956787,-5.471375465393066,-4.707759857177734,-5.768416404724121,-5.880498886108398,-6.063995838165283
100G,-5.525290489196777,-5.556240081787109,-5.639439582824707,-5.641905307769775,-5.585348606109619,-5.535671234130859,-5.60098123550415,0.0,-5.506301403045654,-5.501465797424316,-5.537242889404297,-5.4681010246276855,-5.569362640380859,-5.526702880859375,-5.5725417137146,-5.642232418060303,-5.556828498840332,-5.489236831665039,-5.467285633087158,-5.551644325256348
101N,-0.6248164176940918,0.6528618335723877,0.0,-0.7067880630493164,0.06936264038085938,2.0981802940368652,2.3036489486694336,-1.645418643951416,0.3753821849822998,-0.4534029960632324,0.4785323143005371,1.8980308771133423,0.3724658489227295,0.11493873596191406,-1.7451705932617188,1.2006454467773438,-0.1424245834350586,-1.655130386352539,0.4814896583557129,-0.6444783210754395
102Y,-5.562273979187012,-5.612277507781982,-5.249612808227539,-5.32354736328125,-5.605662822723389,-4.932406425476074,-4.7129340171813965,-5.660805702209473,-5.181315898895264,-5.839327335357666,-3.805286407470703,-5.026431083679199,-3.771254539489746,-0.8652725219726562,-5.718161582946777,-5.8267669677734375,-5.585077285766602,-4.9433465003967285,0.0,-5.472466945648193
103K,-2.608999490737915,-1.089716911315918,-0.4726903438568115,-1.913374662399292,-3.7879154682159424,-0.7748441696166992,-1.065049171447754,-3.8526976108551025,-1.1310813426971436,-1.9397661685943604,-2.742929697036743,0.0,-3.2965567111968994,-2.4969751834869385,-3.9605114459991455,-0.9879312515258789,-1.1533546447753906,-3.997438669204712,-2.5404179096221924,-2.0945663452148438
104T,-3.1661787033081055,-4.236644268035889,-4.40505838394165,-4.872463226318359,-3.624688148498535,-3.119030475616455,-2.461172580718994,-4.6159467697143555,-4.716525077819824,-2.713036060333252,-3.942267417907715,-4.644046306610107,-3.918684959411621,-4.440583229064941,-4.8343892097473145,-1.9903733730316162,0.0,-4.693919658660889,-4.459656238555908,-0.7782749533653259
105R,-4.501744270324707,0.0,-3.856837034225464,-5.053372383117676,-4.344491004943848,-3.1303861141204834,-3.3445003032684326,-4.927665710449219,-2.73769211769104,-3.8193624019622803,-3.697845220565796,0.5512821674346924,-3.941333055496216,-4.148717880249023,-4.8750152587890625,-2.9445197582244873,-1.432861089706421,-4.533287048339844,-3.2326462268829346,-3.2386038303375244
106A,0.0,-3.4124255180358887,-4.16965913772583,-4.87415075302124,-4.2556257247924805,-4.014605522155762,-4.457901477813721,-1.1053216457366943,-4.9014763832092285,-4.858567714691162,-5.090994358062744,-4.154751777648926,-4.394348621368408,-5.163558006286621,-4.448577880859375,-0.3103220462799072,-4.067415714263916,-4.877742767333984,-5.288987159729004,-5.725061893463135
107E,-5.9027485847473145,-5.633886814117432,-4.9090728759765625,-3.873746395111084,-6.031340599060059,-4.325455665588379,0.0,-5.8363752365112305,-5.627155303955078,-4.42081356048584,-5.242378234863281,-5.396238803863525,-5.846652030944824,-6.036090850830078,-5.809047698974609,-4.991511344909668,-3.465074062347412,-5.945100784301758,-5.469415664672852,-3.8952040672302246
108V,-5.702421188354492,-5.476289749145508,-4.828540802001953,-5.2017436027526855,-5.079755783081055,-4.77890682220459,-5.116085529327393,-5.341141223907471,-4.889668941497803,-0.6349511742591858,-4.997729301452637,-5.093393325805664,-5.24369478225708,-4.926126956939697,-5.470270156860352,-5.600778579711914,-4.156405925750732,-5.007079601287842,-4.91720724105835,0.0
109K,-2.9293622970581055,-0.39515113830566406,-3.337313175201416,-4.07284688949585,-3.3778300285339355,-1.7878451347351074,-2.42712664604187,-3.475494384765625,-2.1223371028900146,-3.814047336578369,-0.8431603908538818,0.0,-2.510908603668213,-2.3672306537628174,-3.9239768981933594,-3.3195762634277344,-4.2467427253723145,-3.642833709716797,-2.4619526863098145,-4.085516929626465
110F,-5.3131327629089355,-4.902435302734375,-5.157001972198486,-5.541774272918701,-5.3461527824401855,-4.834314823150635,-5.386104583740234,-5.221582889556885,-5.1143364906311035,-5.400716304779053,-4.202787399291992,-4.498505115509033,-2.5704331398010254,0.0,-5.421730041503906,-5.459184169769287,-5.089615821838379,-5.0059919357299805,-3.5086097717285156,-4.963010311126709
111E,-6.198062419891357,-6.779945373535156,-5.830111503601074,-3.7800140380859375,-5.916111469268799,-4.931224346160889,0.0,-6.137095928192139,-6.012621879577637,-5.538346290588379,-6.136173725128174,-5.815965175628662,-6.442911148071289,-6.016698837280273,-6.1996750831604,-6.174607276916504,-6.221120834350586,-6.450252532958984,-5.950655937194824,-4.863499164581299
112G,-4.944423675537109,-5.222164630889893,-4.127397537231445,-3.9501829147338867,-5.770784378051758,-4.931740760803223,-4.610894680023193,0.0,-5.509661674499512,-5.468000888824463,-5.5125041007995605,-4.26267147064209,-5.429767608642578,-5.456849098205566,-5.284197807312012,-4.895121097564697,-5.949628829956055,-5.3286871910095215,-5.500244617462158,-5.539519309997559
113D,-2.93878173828125,-3.8342206478118896,-1.6609923839569092,0.0,-5.156250953674316,-2.9845433235168457,-0.9779022336006165,-3.358933210372925,-4.294456481933594,-4.888528823852539,-4.900823593139648,-1.8982264995574951,-4.661353588104248,-4.85905122756958,-3.117046356201172,-2.0312678813934326,-2.9875752925872803,-5.061989784240723,-4.990593910217285,-4.70316743850708
114T,-5.01677131652832,-3.8946139812469482,-4.908077716827393,-6.424859046936035,-4.044764518737793,-4.742752552032471,-5.0481085777282715,-5.977694988250732,-4.515528678894043,-3.83699631690979,-5.993227005004883,-2.643014430999756,-5.689335346221924,-4.943538665771484,-5.8654632568359375,-5.043912887573242,0.0,-5.647812843322754,-4.773179531097412,-2.8695733547210693
115L,-4.281231880187988,-4.927096366882324,-4.681609630584717,-5.267467498779297,-3.0077710151672363,-4.339262962341309,-4.683049201965332,-5.037346839904785,-4.903400421142578,-3.659377098083496,0.0,-4.753842830657959,-1.949246883392334,-4.432343006134033,-4.9609246253967285,-5.615563869476318,-4.6256866455078125,-4.992379188537598,-4.9016618728637695,-1.669156551361084
116V,-5.589137077331543,-5.6989641189575195,-5.738682746887207,-6.244237899780273,-4.941558361053467,-5.630659103393555,-5.435009002685547,-6.014344215393066,-5.2673773765563965,-3.240166664123535,-5.172390460968018,-4.762755393981934,-5.370975494384766,-4.927664279937744,-5.940402984619141,-5.684725284576416,-5.25324010848999,-5.576433181762695,-4.739261627197266,0.0
117N,-2.428278684616089,-0.5170214176177979,0.0,-3.8247244358062744,-2.5270755290985107,-2.061727285385132,-3.474255323410034,-4.179664611816406,-1.4610941410064697,-4.827171325683594,-3.8311455249786377,0.32639384269714355,-3.2369134426116943,-3.840128183364868,-4.471169471740723,-1.0966236591339111,-3.9298369884490967,-3.2715909481048584,-3.314028024673462,-3.8928182125091553
118R,-2.6611759662628174,0.0,-2.0386078357696533,-2.4507548809051514,-4.361359596252441,-2.294370651245117,-1.1451842784881592,-4.040270805358887,-3.28393816947937,-3.5397980213165283,-3.8715450763702393,0.718686044216156,-4.088675498962402,-4.390189170837402,-4.2622575759887695,-1.6150610446929932,-1.3398313522338867,-4.112736701965332,-3.5005223751068115,-2.626206636428833
119I,-3.7333614826202393,-5.213252544403076,-4.425774097442627,-6.159966945648193,-4.587303638458252,-4.770900726318359,-5.140007972717285,-5.552760601043701,-4.681143760681152,0.0,-5.193609237670898,-5.146825790405273,-5.104934215545654,-5.499882698059082,-5.028984546661377,-4.333724498748779,-3.2189083099365234,-4.594799518585205,-5.322423934936523,-1.8991200923919678
120E,-1.6470061540603638,-1.5741413831710815,-0.37279212474823,-0.2992302179336548,-3.2934727668762207,-0.4421612024307251,0.0,-2.2990541458129883,-1.730547547340393,-2.5349044799804688,-1.6471267938613892,0.05102193355560303,-2.4214677810668945,-2.473978042602539,-3.321481227874756,-0.47984015941619873,-0.9093102216720581,-3.0282793045043945,-2.2305002212524414,-2.233020782470703
121L,-5.2350544929504395,-5.339109897613525,-5.80557107925415,-5.682264804840088,-4.958092212677002,-5.562200546264648,-5.883176326751709,-6.004849433898926,-6.217329025268555,-5.022197246551514,0.0,-5.318181037902832,-2.851562976837158,-5.804887771606445,-5.646289825439453,-5.835169792175293,-5.820945739746094,-5.65693998336792,-6.1000776290893555,-4.207964897155762
122K,-4.011855125427246,-1.7638647556304932,-1.9144563674926758,-2.680614709854126,-3.518277883529663,-1.5519511699676514,-0.8181769847869873,-4.015848159790039,-2.318864345550537,-0.21413588523864746,-2.0655856132507324,0.0,-3.412755250930786,-3.3579113483428955,-4.115016937255859,-2.6753246784210205,-0.449188232421875,-3.847501039505005,-3.073688268661499,-0.44762277603149414
123G,-5.301300525665283,-5.514751434326172,-5.57949686050415,-5.610341548919678,-5.552499294281006,-5.503109931945801,-5.582290172576904,0.0,-5.591426372528076,-5.550316333770752,-5.52418327331543,-5.470539569854736,-5.490967750549316,-5.537782192230225,-5.5866193771362305,-5.755340576171875,-5.572543144226074,-5.535409450531006,-5.49407434463501,-5.4899091720581055
124I,-0.4028019905090332,-0.7282681465148926,-0.19703006744384766,0.40552854537963867,-0.9723467826843262,0.6830084323883057,2.6204075813293457,-1.3373198509216309,-1.3935303688049316,0.0,-0.6902832984924316,0.5463783740997314,-0.9473748207092285,-0.7455868721008301,-1.47483491897583,1.8420968055725098,3.0717127323150635,-1.6671624183654785,-0.6578059196472168,0.5405631065368652
125D,-3.3550586700439453,-3.3706421852111816,-0.0627903938293457,0.0,-3.9688429832458496,-2.814772129058838,-2.476734161376953,-0.216322660446167,-2.8007001876831055,-4.382944107055664,-4.164309978485107,-2.3428540229797363,-4.151010513305664,-4.016595363616943,-4.465876579284668,-2.7218079566955566,-4.274707317352295,-4.291505336761475,-3.924686908721924,-4.474532127380371
126F,-5.519479274749756,-6.112544059753418,-5.366967678070068,-5.730804443359375,-5.659430980682373,-5.235887050628662,-5.313626289367676,-5.189453601837158,-3.948439836502075,-5.748293876647949,-5.656551361083984,-5.359671115875244,-5.3105788230896,0.0,-5.62452507019043,-5.827157020568848,-5.57048225402832,-5.508054733276367,-4.5413408279418945,-5.492821216583252
127K,-3.893392324447632,-2.34079647064209,-3.6976680755615234,-4.553953170776367,-5.976771831512451,-3.962740182876587,-4.824093341827393,-6.15804386138916,-4.1269917488098145,-5.955017566680908,-4.38004732131958,0.0,-5.631180763244629,-5.257136344909668,-5.402986526489258,-4.25517463684082,-5.6598992347717285,-5.863964557647705,-5.129350185394287,-6.013879776000977
128E,-0.9610825777053833,-3.572866439819336,-2.490633964538574,-0.977674126625061,-4.652156829833984,-2.297138214111328,0.0,-3.584810256958008,-4.121199607849121,-3.8620691299438477,-3.2830452919006348,-0.9941350221633911,-4.0808305740356445,-4.175236225128174,-0.10464024543762207,-1.3585060834884644,-2.706080436706543,-4.343127250671387,-4.223878383636475,-3.6665449142456055
129D,-4.155214309692383,-5.098589897155762,-1.5524039268493652,0.0,-5.3180766105651855,-3.9200539588928223,-2.040269136428833,-3.896246910095215,-4.469480514526367,-5.016664028167725,-4.963827610015869,-3.5401864051818848,-5.094137191772461,-4.962559223175049,-5.078474998474121,-2.4611148834228516,-2.247936964035034,-5.184347152709961,-4.639217376708984,-5.120607376098633
130G,-5.734703540802002,-5.759932041168213,-5.574831008911133,-5.703765869140625,-5.725860595703125,-5.608783721923828,-5.763786792755127,0.0,-5.767529010772705,-5.598243713378906,-5.724608898162842,-5.66740083694458,-5.588857173919678,-5.575474739074707,-5.630847930908203,-5.1189374923706055,-5.716807842254639,-5.615859508514404,-5.514963626861572,-5.654419898986816
131N,1.1759324073791504,-2.9401228427886963,0.0,0.01176905632019043,-0.9747440814971924,-2.244750738143921,-1.4808785915374756,-2.831825017929077,-2.10416579246521,-2.9585721492767334,-2.728715181350708,-1.9566872119903564,-2.513704538345337,-2.959258794784546,2.2985007762908936,-0.08104634284973145,-2.257647752761841,-2.443185567855835,-2.323268175125122,-1.5631396770477295
132I,-5.801631927490234,-5.540600776672363,-5.404543399810791,-5.338255882263184,-5.668456077575684,-5.4047441482543945,-5.446560382843018,-5.317899703979492,-5.492150783538818,0.0,-5.358778953552246,-5.429964065551758,-5.542096138000488,-5.571146011352539,-5.345129489898682,-5.631371021270752,-5.759671211242676,-5.320693492889404,-5.471739292144775,-1.450777292251587
133L,-5.681180953979492,-5.830362319946289,-5.946455001831055,-5.656766891479492,-5.711932182312012,-5.508782386779785,-5.425373554229736,-5.601384162902832,-5.890660762786865,-4.073434352874756,0.0,-5.3202948570251465,-4.562650680541992,-5.822013854980469,-5.44650411605835,-5.831516265869141,-6.122310638427734,-6.1137495040893555,-5.855602741241455,-6.118748664855957
134G,-4.931192398071289,-5.78768253326416,-5.397402763366699,-5.553651809692383,-5.714544773101807,-5.647784233093262,-5.782599449157715,0.0,-5.880483627319336,-5.542053699493408,-5.492753982543945,-5.561115741729736,-5.603247165679932,-5.631826400756836,-5.6735663414001465,-5.581202030181885,-5.694947242736816,-5.646946907043457,-5.637481212615967,-5.585244178771973
135H,-2.8485312461853027,-0.23255610466003418,-0.8378992080688477,-2.4086389541625977,-2.982210159301758,-0.4009997844696045,-2.2455506324768066,-2.7136354446411133,0.0,-2.5604753494262695,-0.6497163772583008,1.158710241317749,-1.559765338897705,-2.791642665863037,-3.1854562759399414,-2.6108322143554688,-3.6984710693359375,-3.134082794189453,-2.072150707244873,-3.2963175773620605
136K,-6.212297439575195,-2.5061192512512207,-3.8790810108184814,-5.687092304229736,-6.284101963043213,-4.3072285652160645,-5.189550399780273,-6.156236171722412,-3.5507068634033203,-6.4922003746032715,-4.925148010253906,0.0,-5.729583263397217,-5.570915699005127,-6.247005462646484,-5.638008117675781,-6.4784135818481445,-6.007737159729004,-5.163101673126221,-6.749724388122559
137L,-5.734413146972656,-5.647549629211426,-5.455325126647949,-5.375388145446777,-5.425865650177002,-5.319334506988525,-5.269176959991455,-5.404487133026123,-5.53566312789917,-3.1258773803710938,0.0,-5.20928430557251,-5.1387834548950195,-5.472827434539795,-5.267003536224365,-5.269664764404297,-5.410100936889648,-5.62614107131958,-5.304949760437012,-5.303168773651123
138E,-2.7758288383483887,-2.0682950019836426,-3.222691059112549,-2.7051448822021484,-2.129518985748291,-0.3679690361022949,0.0,-4.3992743492126465,-4.531729698181152,-3.3080267906188965,-1.2377551794052124,-0.3237752914428711,-2.107564926147461,-4.457998275756836,-4.229311943054199,-3.2106761932373047,-3.3566107749938965,-4.678352355957031,-4.466737747192383,-1.6404565572738647
139Y,-4.048116683959961,-4.2545671463012695,-3.2526540756225586,-2.7850260734558105,-4.516951560974121,-3.274780750274658,-2.910841941833496,-3.997185230255127,-3.216679096221924,-4.16580867767334,-3.077920913696289,-4.220531940460205,-2.9335556030273438,1.4631750583648682,-3.443425178527832,-4.324630260467529,-4.52362060546875,-3.3924927711486816,0.0,-4.294070720672607
140N,-2.528949499130249,-2.2534103393554688,0.0,-1.2211573123931885,-1.629713773727417,-1.4608135223388672,-1.2819750308990479,-2.3971705436706543,-3.3948147296905518,-3.2208502292633057,-2.947326898574829,-1.008326768875122,-2.8949291706085205,-3.4926788806915283,-4.01261043548584,0.19872760772705078,-0.9844672679901123,-4.4018707275390625,-3.4108364582061768,-3.400127649307251
141Y,-3.1868817806243896,-4.274600982666016,-3.3467018604278564,-2.9274282455444336,-3.321845293045044,-3.0991241931915283,-2.8502607345581055,-5.071780204772949,-2.1364574432373047,-4.574625015258789,-3.1172189712524414,-4.261979103088379,-2.5262184143066406,-0.6227483749389648,-4.916242599487305,-2.5579237937927246,-4.730676651000977,-2.3896517753601074,0.0,-5.168732643127441
142N,-1.9540235996246338,-3.129074811935425,0.0,-0.07371640205383301,-3.1396028995513916,-1.7192935943603516,-0.7982883453369141,0.41980838775634766,-2.4140403270721436,-3.608410120010376,-3.4690353870391846,-3.044456720352173,-3.046077013015747,-3.5929834842681885,-3.6082470417022705,-0.7273728847503662,-1.9640390872955322,-3.3895928859710693,-3.7133543491363525,-4.043734550476074
143H,2.0057790279388428,-0.34601831436157227,1.7988719940185547,2.4155471324920654,-0.5872721672058105,1.010213851928711,2.190964698791504,0.5545470714569092,0.0,-0.9846878051757812,-1.5586614608764648,0.5050845146179199,-0.719355583190918,-1.0479812622070312,-0.23835325241088867,3.7119219303131104,0.23466777801513672,-1.1608734130859375,-1.0070610046386719,-1.4078559875488281
144H,-2.2620491981506348,-3.8925061225891113,-0.9023034572601318,-2.348267078399658,-3.5533370971679688,-2.677870273590088,-1.8554881811141968,-3.0412139892578125,0.0,-4.0229010581970215,-3.9668378829956055,-4.718076705932617,-3.5820164680480957,-1.7793182134628296,-4.478309154510498,-0.9441837072372437,-2.1537046432495117,-3.4216103553771973,-2.0206174850463867,-3.5698986053466797
145K,-3.546029806137085,-1.0479497909545898,-0.7523150444030762,-1.2817630767822266,-2.9411919116973877,-1.6247923374176025,-1.458188533782959,-3.779526948928833,-2.6559579372406006,-0.2023777961730957,-1.5597076416015625,0.0,-2.7529847621917725,-2.6722424030303955,-3.612220048904419,-2.1963932514190674,1.0012860298156738,-3.693180799484253,-2.6898372173309326,-0.7151720523834229
146V,-4.393232822418213,-3.3722615242004395,-3.8644347190856934,-4.132261276245117,-4.111034870147705,-2.6071457862854004,-2.231161594390869,-4.8770246505737305,-3.4934496879577637,0.09675168991088867,-4.42444372177124,-3.5827889442443848,-2.9785709381103516,-4.141488075256348,-4.4049763679504395,-4.537822246551514,-3.715463638305664,-3.428163528442383,-3.254331111907959,0.0
147Y,-2.7213659286499023,-2.430586814880371,0.9978463649749756,-1.7066152095794678,-3.359525680541992,-1.9343085289001465,-1.767460823059082,-2.789257049560547,-0.6077938079833984,-3.257033348083496,-2.337510108947754,-1.9035065174102783,-2.123946189880371,0.06527876853942871,-3.561147689819336,-2.4518094062805176,-3.4168291091918945,-2.0965538024902344,0.0,-3.329132080078125
148I,-5.965582370758057,-5.9240593910217285,-5.61735725402832,-5.906972408294678,-5.695940017700195,-5.415998935699463,-5.481009483337402,-5.820308685302734,-5.0747480392456055,0.0,-5.318728446960449,-5.665367603302002,-5.4712018966674805,-5.736321926116943,-5.720218658447266,-5.828659534454346,-5.815042495727539,-5.699241638183594,-5.561624050140381,-2.685379981994629
149T,0.4515507221221924,-0.011565208435058594,-1.7927155494689941,-1.9280695915222168,-2.2882752418518066,0.7357714176177979,0.9314427375793457,-1.3145780563354492,-1.2128186225891113,-2.5795555114746094,-2.78012752532959,1.3125838041305542,-1.2614469528198242,-2.4301939010620117,-2.603898525238037,1.224444031715393,0.0,-2.3524584770202637,-2.1293230056762695,-2.167222023010254
150A,0.0,-0.01611924171447754,-1.8230986595153809,-2.365638256072998,-2.6373367309570312,0.3577759265899658,-0.2825636863708496,-3.013495445251465,-2.7255024909973145,-3.5066938400268555,-2.616884231567383,1.7336056232452393,-2.577056407928467,-3.2279114723205566,-1.0977354049682617,-0.3823082447052002,-2.6464996337890625,-3.252255916595459,-3.1163434982299805,-2.446951389312744
151D,-5.220198631286621,-6.211050987243652,-3.829679489135742,0.0,-5.331475257873535,-5.371070384979248,-3.2896249294281006,-6.475190162658691,-5.423220157623291,-6.414642333984375,-5.486883163452148,-5.129953861236572,-5.934467315673828,-6.015252113342285,-6.349647521972656,-5.404460430145264,-6.586648941040039,-6.118863105773926,-5.445314884185791,-6.415213108062744
152K,-0.7504441738128662,-2.2206039428710938,-3.290377140045166,-3.538572311401367,-4.185672283172607,-2.5654983520507812,-1.2471299171447754,-3.641322135925293,-3.7017130851745605,-3.307661533355713,-3.5581488609313965,0.0,-3.8352890014648438,-4.104320049285889,0.7438951134681702,-1.9355957508087158,-2.1874771118164062,-4.29535436630249,-3.5589089393615723,-2.9864368438720703
153Q,1.1205308437347412,-1.8739798069000244,0.3524155616760254,2.3865468502044678,-2.154968500137329,0.0,2.9441373348236084,-0.521409273147583,-1.4016005992889404,-1.6930077075958252,-1.5311167240142822,-0.017846345901489258,-1.9126698970794678,-1.5591065883636475,-1.0914995670318604,0.6883628368377686,0.0714273452758789,-1.757045030593872,-1.4183151721954346,-1.0659167766571045
154K,-2.022435188293457,-1.980758547782898,-0.24451279640197754,-3.139599323272705,-4.889362335205078,-2.368882179260254,-2.373054027557373,-4.397475242614746,-2.0670223236083984,-3.6407432556152344,-2.7527952194213867,0.0,-3.8785324096679688,-3.94869327545166,-4.649209976196289,-2.097386360168457,-2.718874931335449,-4.965075969696045,-3.9773826599121094,-3.7786755561828613
155N,-3.033959150314331,0.10496354103088379,0.0,-2.7241485118865967,-3.5982415676116943,-1.4273972511291504,-2.778263807296753,-2.576258420944214,-1.6907329559326172,-3.507859945297241,-3.4077327251434326,1.3965158462524414,-3.1742942333221436,-3.9234845638275146,-3.702772855758667,-2.3668782711029053,-3.681124448776245,-3.7804811000823975,-3.3435065746307373,-3.7363345623016357
156G,-5.359940528869629,-5.542326927185059,-5.6774139404296875,-5.6245951652526855,-5.590782165527344,-5.496622085571289,-5.546347618103027,0.0,-5.607573509216309,-5.520016670227051,-5.546586036682129,-5.464998722076416,-5.5423808097839355,-5.555056095123291,-5.548791885375977,-5.4527387619018555,-5.637319564819336,-5.538534641265869,-5.5017991065979,-5.544717788696289
157I,-5.76205587387085,-5.9513630867004395,-4.97395658493042,-5.383533477783203,-5.372259616851807,-5.149800777435303,-5.012042045593262,-5.896074295043945,-5.457231044769287,0.0,-5.516245365142822,-5.944985389709473,-5.3627824783325195,-5.283520221710205,-5.650189399719238,-5.466981887817383,-4.17121696472168,-5.455354690551758,-5.469711780548096,-1.6404445171356201
158K,-3.048130750656128,-1.5586555004119873,-1.5084912776947021,-2.591395616531372,-4.661072254180908,-2.56118106842041,-2.641894817352295,-4.596354007720947,-3.3468236923217773,-3.1839282512664795,-2.8798468112945557,0.0,-4.130663871765137,-4.157477378845215,-4.828044414520264,-2.6130001544952393,-2.4896092414855957,-4.724602222442627,-3.9315171241760254,-3.3331756591796875
159V,-3.5641374588012695,-3.0629706382751465,-4.136584281921387,-5.498325347900391,-3.529341697692871,-2.8387022018432617,-3.2971930503845215,-4.330699920654297,-5.828149795532227,-2.1182165145874023,-3.914674758911133,-4.191464424133301,-3.9552407264709473,-5.026319980621338,-5.25627326965332,-3.266012191772461,-2.1031861305236816,-5.170944690704346,-5.029676914215088,0.0
160N,-0.6510372161865234,-0.13640117645263672,0.0,-1.4509286880493164,-1.8842129707336426,-0.6962494850158691,-0.6917078495025635,-2.4221529960632324,-1.3753361701965332,-2.021388530731201,-2.773728847503662,0.6027176380157471,-2.0014052391052246,-1.2057833671569824,-3.029174327850342,0.5388050079345703,0.4385610818862915,-0.857872486114502,-0.6490006446838379,-1.5863468647003174
161F,-4.900860786437988,-4.882291316986084,-4.230710029602051,-4.519381999969482,-4.722569942474365,-4.168588638305664,-3.866382122039795,-4.68236780166626,-2.4551949501037598,-4.932252883911133,-4.287616729736328,-4.812073707580566,-3.940364360809326,0.0,-4.896511077880859,-4.045094013214111,-4.333580493927002,-3.9207215309143066,0.0440516471862793,-4.908087253570557
162K,-1.3267536163330078,1.7691175937652588,0.2697257995605469,-1.721445083618164,0.13507556915283203,1.0864017009735107,0.34658384323120117,-1.2115039825439453,-1.041752815246582,-0.5421333312988281,-1.0156936645507812,0.0,-0.34442996978759766,-0.8901596069335938,-1.2862529754638672,0.2735567092895508,4.076015472412109,-1.4010505676269531,-1.2871646881103516,0.2438979148864746
163T,-3.1867833137512207,-5.554386138916016,-4.5331525802612305,-3.3228659629821777,-3.1948294639587402,-4.301033020019531,-3.369616985321045,-5.568515300750732,-5.41303014755249,-5.868279457092285,-5.8218231201171875,-5.425093173980713,-5.687352180480957,-5.874464988708496,-6.01619815826416,-2.459221363067627,0.0,-5.806121826171875,-5.819154739379883,-3.163954734802246
164R,-0.4555244445800781,0.0,0.27174830436706543,-0.361661434173584,-1.449376106262207,0.1935262680053711,1.2272963523864746,-1.5908527374267578,0.7204041481018066,-1.9580926895141602,-0.580852746963501,0.5061435699462891,-1.2582483291625977,0.6607530117034912,-2.592839241027832,0.010837554931640625,0.07782173156738281,-1.2358102798461914,1.4499971866607666,-2.0062599182128906
165H,-2.764904022216797,-2.904390335083008,-1.4783868789672852,-2.4449682235717773,-2.6375579833984375,-2.220648765563965,-2.5555601119995117,-2.533855438232422,0.0,-2.1422271728515625,1.896632432937622,-2.73306941986084,-1.5058941841125488,-0.1794893741607666,-2.6901235580444336,-2.2942018508911133,-2.835653305053711,-2.3252153396606445,1.5891444683074951,-3.0730953216552734
166N,-2.288756847381592,-1.582270622253418,0.0,-1.5380618572235107,-4.171390533447266,-2.7130162715911865,-2.6641573905944824,-3.961197853088379,-2.8290998935699463,-4.3654561042785645,-2.085836172103882,-1.1982171535491943,-2.5910489559173584,-3.6311192512512207,-1.501650333404541,-1.820707082748413,-4.046917915344238,-3.675273895263672,-3.6888108253479004,-4.624368667602539
167I,-1.7766790390014648,-0.14483213424682617,-0.5487422943115234,-1.1224431991577148,0.44954395294189453,-0.4858269691467285,-0.848569393157959,-1.3443989753723145,-1.4018101692199707,0.0,-1.1567206382751465,-0.9987716674804688,-1.1101078987121582,-1.184034824371338,-1.6825528144836426,-2.1677184104919434,-0.9858407974243164,-1.4378700256347656,-1.1983027458190918,4.16326379776001
168E,-1.0881378650665283,0.15937018394470215,-0.501600980758667,-2.2857186794281006,-1.89591383934021,0.16700291633605957,0.0,-2.2380478382110596,-1.6212117671966553,-0.03513073921203613,-0.5011062622070312,2.67153000831604,-1.5643103122711182,-1.7322804927825928,-2.610201120376587,-0.7377073764801025,0.21329951286315918,-2.426132917404175,-1.7436859607696533,0.16732430458068848
169D,-6.055699825286865,-5.742130279541016,-2.613130569458008,0.0,-5.63532018661499,-5.378653049468994,-4.994507789611816,-5.5113348960876465,-5.9811601638793945,-5.536048889160156,-5.529177188873291,-5.239274978637695,-5.738037109375,-5.542454242706299,-5.599715709686279,-5.361937522888184,-5.611550331115723,-5.701781749725342,-5.569693088531494,-5.82566499710083
170G,-5.389516353607178,-5.402767181396484,-5.090911388397217,-5.232287406921387,-5.519258975982666,-5.4295854568481445,-5.4808502197265625,0.0,-5.52290153503418,-5.3822760581970215,-5.555571556091309,-5.049105167388916,-5.517553806304932,-5.453736782073975,-5.516546726226807,-5.207795143127441,-5.429476737976074,-5.4550275802612305,-5.395287036895752,-5.45865535736084
171S,-4.39879035949707,-3.7901673316955566,-2.9645981788635254,-4.147479057312012,-5.096107482910156,-4.5861639976501465,-4.384951114654541,-3.8918070793151855,-4.783085346221924,-5.051135063171387,-4.889520645141602,-3.278210163116455,-5.026694297790527,-5.084107875823975,-5.002802848815918,0.0,-1.011979341506958,-5.153010368347168,-4.975478172302246,-5.427674293518066
172V,-4.111680030822754,-3.6418416500091553,-3.2084391117095947,-3.795149087905884,-3.3306286334991455,-1.645521640777588,-0.8411304950714111,-4.23542594909668,-3.6062519550323486,0.18747282028198242,-2.1665563583374023,-2.3927695751190186,-3.0493552684783936,-3.511228322982788,-4.20595645904541,-3.21217942237854,-0.6844074726104736,-4.263474464416504,-3.2020280361175537,0.0
173Q,-3.119497299194336,-3.215815544128418,-3.37799072265625,-4.1508941650390625,-2.029688596725464,0.0,-3.1245784759521484,-4.191362380981445,-4.245786666870117,-5.436674118041992,0.00864863395690918,-2.6574490070343018,-2.978234052658081,-4.988429069519043,-4.054436683654785,-3.4036145210266113,-2.4715211391448975,-4.528487205505371,-4.700516223907471,-4.274719715118408
174L,-3.4577274322509766,-3.46417236328125,-2.7833962440490723,-2.2113990783691406,-3.600954532623291,-2.230471611022949,-0.7854137420654297,-3.108734607696533,-2.3493471145629883,1.2286347150802612,0.0,-2.6667652130126953,-2.264951705932617,-0.5062999725341797,-3.4855432510375977,-2.9056577682495117,-1.529797077178955,-2.629563808441162,-0.07330036163330078,-0.9097938537597656
175A,0.0,-5.384363174438477,-5.302040100097656,-4.746112823486328,-5.156811237335205,-4.5410895347595215,-4.472713470458984,-4.621653079986572,-5.580610752105713,-5.469875335693359,-5.254306316375732,-5.55836820602417,-5.3298115730285645,-5.531058311462402,-5.097158432006836,-1.5258169174194336,-4.829543590545654,-5.370340347290039,-5.574689865112305,-5.614957332611084
176D,-2.7204642295837402,-4.073945999145508,-1.654944658279419,0.0,-4.702983856201172,-2.7530789375305176,-0.9637624621391296,-4.290436744689941,-2.9473721981048584,-4.340357780456543,-4.168850421905518,-3.2179815769195557,-4.322831153869629,-2.747069835662842,-4.762889862060547,-2.032954216003418,-3.7891857624053955,-3.8151938915252686,-2.2579259872436523,-4.57546329498291
177H,-4.465112686157227,-4.309008598327637,-1.2853753566741943,-4.145210266113281,-2.767446517944336,-3.546649932861328,-3.280658721923828,-5.000785827636719,0.0,-2.074110984802246,-3.4184656143188477,-4.476783752441406,-4.359468460083008,-2.989999771118164,-4.994312286376953,-4.318592071533203,-4.927214622497559,-2.667278528213501,-2.0556130409240723,-1.2563207149505615
178Y,-2.41147518157959,-1.7747085094451904,-0.6104209423065186,-0.7826356887817383,-2.8387928009033203,-0.3082137107849121,0.340301513671875,-3.1070656776428223,-1.0862491130828857,-0.705540657043457,0.07325553894042969,-0.5024933815002441,-1.9016838073730469,-0.45779919624328613,-3.2548985481262207,-1.6884679794311523,-1.9497895240783691,-2.2189478874206543,0.0,-0.7654294967651367
179Q,-3.462759256362915,-3.506014108657837,-3.8721096515655518,-4.790768146514893,-3.9704954624176025,0.0,-0.5238346457481384,-2.509552001953125,-5.2797932624816895,-4.679970741271973,-4.866753101348877,-4.04020357131958,-3.1137871742248535,-5.452951431274414,-4.689592361450195,-3.420038938522339,-4.211309432983398,-4.664806842803955,-5.530837059020996,-4.786978721618652
180Q,-2.502145767211914,-0.858820915222168,-1.5654711723327637,-1.8166074752807617,-2.3664302825927734,0.0,1.2150412797927856,-2.941779136657715,-2.072659492492676,0.2150113582611084,-1.0531625747680664,-0.7252631187438965,-1.7929210662841797,-2.6750597953796387,-2.9377293586730957,-0.22777795791625977,2.058351993560791,-2.062617778778076,-2.266125202178955,0.6245532035827637
181N,-2.312713623046875,-2.8504085540771484,0.0,-1.6002583503723145,-0.23194265365600586,-1.7682459354400635,-1.93092679977417,-3.646202564239502,-4.494569778442383,-1.9718151092529297,-2.111232280731201,-2.985158920288086,-3.2392687797546387,-4.361610412597656,-3.94339656829834,-1.9896881580352783,-2.7080488204956055,-4.379037857055664,-4.027535438537598,0.25276756286621094
182T,-4.32054328918457,-2.33586049079895,-3.7931859493255615,-4.748528480529785,-4.165216445922852,-2.7274410724639893,-2.7845191955566406,-4.76165771484375,-4.092583656311035,-0.8164098262786865,-3.3811590671539307,-2.3582026958465576,-4.0689544677734375,-4.33521842956543,-4.680671691894531,-3.407381772994995,0.0,-4.74014949798584,-3.4085872173309326,-0.20937609672546387
183P,-5.043638229370117,-5.044995307922363,-5.5767011642456055,-5.8614182472229,-5.77598762512207,-5.311614036560059,-5.97054386138916,-5.700292587280273,-5.449615478515625,-5.6744489669799805,-5.500732421875,-4.419723033905029,-5.784912586212158,-5.7822465896606445,0.0,-5.589380264282227,-5.564536094665527,-5.485286235809326,-5.835171699523926,-5.714361667633057
184I,-4.3936686515808105,-3.9130072593688965,-4.565742015838623,-4.214392185211182,-4.679763317108154,-3.6992874145507812,-4.281138896942139,-4.195750713348389,-4.548892498016357,0.0,0.23308897018432617,-3.755270481109619,-2.680306911468506,-4.439584255218506,-4.145528793334961,-4.36751127243042,-4.71095609664917,-4.288189888000488,-3.9995498657226562,-4.818828105926514
185G,-5.544135093688965,-5.553823471069336,-5.50232458114624,-5.4992170333862305,-5.62790060043335,-5.623802185058594,-5.713993549346924,0.0,-5.528995513916016,-5.5126447677612305,-5.49314022064209,-5.477226734161377,-5.5236921310424805,-5.499406814575195,-5.493679046630859,-5.323887348175049,-5.500168800354004,-5.5144572257995605,-5.506009101867676,-5.427254676818848
186D,-1.193419098854065,-2.5715856552124023,-0.7905982732772827,0.0,-3.722243309020996,-1.4289027452468872,-0.7011243104934692,-2.21579647064209,-3.371671676635742,-3.493075370788574,-3.044588088989258,-0.0940558910369873,-3.4342880249023438,-3.561753273010254,-1.2784100770950317,0.14955103397369385,-0.6881366968154907,-3.762110710144043,-3.711233139038086,-3.1032848358154297
187G,-4.0760416984558105,-4.583647727966309,-3.668705463409424,-4.532174110412598,-5.454167366027832,-3.7073378562927246,-3.7045397758483887,0.0,-4.269383430480957,-6.005220890045166,-5.446097373962402,-3.178098678588867,-5.5152082443237305,-5.526464462280273,-5.581209182739258,-4.362326145172119,-4.879727363586426,-5.8838911056518555,-4.910353660583496,-5.419736862182617
188P,-2.6165130138397217,-4.0469512939453125,-3.2493090629577637,-2.249965190887451,-5.194543361663818,-3.2497458457946777,-1.902207612991333,-4.243416786193848,-4.590384006500244,-4.658926010131836,-4.5264973640441895,-1.965036392211914,-4.5535969734191895,-4.726152420043945,0.0,-2.7900781631469727,-3.384415626525879,-5.107327461242676,-4.705816268920898,-4.3447723388671875
189V,-5.939801216125488,-5.1888532638549805,-6.133511066436768,-6.022061824798584,-5.632746696472168,-5.452552318572998,-5.629337310791016,-5.785225868225098,-5.599505424499512,-4.6282758712768555,-6.054111003875732,-5.328990936279297,-5.8655924797058105,-5.665884017944336,-5.633247375488281,-5.991336345672607,-4.386815547943115,-5.901056289672852,-5.739356994628906,0.0
190L,-2.8301777839660645,-3.8008065223693848,-1.8683637380599976,-2.7087435722351074,-2.9886369705200195,-1.524135947227478,-2.2675461769104004,-4.944671154022217,-2.7919692993164062,-3.901683807373047,0.0,-2.6308441162109375,-2.859340190887451,-2.7744550704956055,-4.631413459777832,-3.7046890258789062,-5.1366753578186035,-3.987222194671631,-3.1366052627563477,-5.220239639282227
191L,-5.837850570678711,-5.688157081604004,-5.4155964851379395,-5.747445583343506,-5.544837951660156,-4.761852264404297,-5.361351490020752,-5.553606986999512,-5.791625499725342,-3.8775997161865234,0.0,-5.4982008934021,-4.878742694854736,-6.39942741394043,-5.5084428787231445,-5.610615253448486,-5.4501953125,-5.499802112579346,-5.636034965515137,-5.236634731292725
192P,-6.004907608032227,-5.80079460144043,-5.3771820068359375,-5.7066144943237305,-5.160635948181152,-5.385565757751465,-5.598303318023682,-5.205002784729004,-5.688360214233398,-5.5466389656066895,-5.833921909332275,-5.884797096252441,-5.70869779586792,-5.674809455871582,0.0,-5.316149711608887,-5.375351428985596,-5.570732116699219,-5.519778251647949,-5.9461846351623535
193D,-0.7803739309310913,-2.377875328063965,-2.1217217445373535,0.0,-3.9138712882995605,-0.6889585256576538,0.6152112483978271,-3.855152130126953,-3.5392942428588867,-3.916029453277588,-2.9602856636047363,-0.20538759231567383,-3.558035373687744,-3.8352627754211426,-3.9545865058898926,-1.5110386610031128,-2.456401824951172,-4.023381233215332,-3.669919967651367,-3.567760467529297
194N,-0.03188467025756836,-0.24436736106872559,0.0,-0.0668325424194336,-2.328958749771118,-0.5355169773101807,0.8407723903656006,-2.075579881668091,-1.1368787288665771,-1.1147561073303223,-1.6442959308624268,1.2307133674621582,-2.2133495807647705,-1.1279983520507812,1.0879902839660645,-0.15382766723632812,-0.16873764991760254,-2.1155998706817627,-0.9361190795898438,-0.544651985168457
195H,-4.533836841583252,-4.550785541534424,-3.8810367584228516,-5.392038345336914,-4.243832111358643,-3.2393007278442383,-5.003467559814453,-5.1072678565979,0.0,-4.71442174911499,-2.3808541297912598,-4.730494976043701,-4.294739723205566,-5.203235149383545,-5.310666084289551,-4.488765239715576,-4.865457057952881,-5.018560886383057,-4.970080375671387,-5.273686408996582
196Y,-5.007030487060547,-4.743483543395996,-4.744983196258545,-4.792940616607666,-3.72560453414917,-4.318797588348389,-3.4679245948791504,-5.200897693634033,-2.4827113151550293,-5.12335205078125,-4.003963947296143,-4.997733116149902,-3.6856117248535156,0.06353235244750977,-5.261589527130127,-4.652088165283203,-4.451998710632324,-3.7113475799560547,0.0,-4.91802978515625
197L,-5.592223644256592,-5.607300758361816,-4.938102722167969,-5.173773765563965,-5.2543768882751465,-4.543429851531982,-4.655256271362305,-5.521730899810791,-4.598647594451904,-4.751036167144775,0.0,-5.059291362762451,-4.016770362854004,-4.396424293518066,-5.524538040161133,-5.22322416305542,-5.6076884269714355,-5.517059326171875,-4.317286014556885,-5.538557052612305
198H,-0.7466163635253906,0.03189396858215332,0.9243016242980957,0.06695795059204102,-1.4008431434631348,0.6135292053222656,2.1345088481903076,-1.591198444366455,0.0,1.4676527976989746,1.6872072219848633,0.7352595329284668,-0.4717392921447754,0.06842589378356934,-1.8073210716247559,-0.2674980163574219,-0.1795806884765625,-1.1435456275939941,0.4102494716644287,0.7292180061340332
199T,-2.380232334136963,0.947632908821106,-1.782249927520752,-3.300039768218994,-1.6801996231079102,-0.12044811248779297,-1.159407138824463,-2.4597949981689453,-1.67201566696167,-0.18212461471557617,-0.8763608932495117,0.07635307312011719,-0.8084659576416016,-1.580399990081787,-2.933877944946289,-1.358808994293213,0.0,-0.9787378311157227,-1.599832534790039,1.7569388151168823
200H,1.686141014099121,1.0129823684692383,0.5870046615600586,0.9192776679992676,-0.16498470306396484,1.296123743057251,2.065528631210327,-0.6273388862609863,0.0,1.6767628192901611,0.6707501411437988,1.82448410987854,0.2587869167327881,0.030140399932861328,-1.096055507659912,1.9025771617889404,1.236344814300537,-0.39611005783081055,0.28217029571533203,1.3252017498016357
201S,0.8806537985801697,-2.7062273025512695,-3.6370277404785156,-4.313531875610352,-2.854867935180664,-3.691336154937744,-3.95742130279541,-3.5969080924987793,-3.544497489929199,-4.522848606109619,-3.8874526023864746,-3.1838083267211914,-3.75093412399292,-4.519772529602051,-0.853811502456665,0.0,-3.1198649406433105,-4.666311264038086,-4.361546993255615,-4.002390384674072
202K,-1.8094162940979004,-0.8892333507537842,-0.7550106048583984,-1.460221290588379,-2.0283021926879883,-0.19119882583618164,0.12113404273986816,-2.5237655639648438,-0.17517781257629395,1.0733563899993896,-0.19011211395263672,0.0,-1.453526496887207,0.43747901916503906,-2.854747772216797,-0.4343287944793701,0.40126752853393555,-1.6527938842773438,0.5513772964477539,0.06868529319763184
203L,-5.899412631988525,-5.890500068664551,-5.8304877281188965,-5.685417652130127,-5.709965229034424,-5.837395191192627,-5.594086170196533,-5.81870698928833,-5.8387579917907715,-4.491140842437744,0.0,-5.6674113273620605,-5.234678268432617,-6.07516622543335,-5.649835586547852,-5.778255939483643,-5.855208873748779,-5.950048923492432,-5.796596050262451,-5.337141513824463
204S,-2.5528805255889893,-3.353567361831665,-3.268479585647583,-2.329714775085449,-3.9437925815582275,-4.13991641998291,-3.2364232540130615,-1.5456314086914062,-4.124420166015625,-4.333447456359863,-3.3760902881622314,-3.775803804397583,-2.6814379692077637,-2.0735268592834473,-4.689867973327637,0.0,-1.5780057907104492,-3.6183063983917236,-2.0550169944763184,-4.465401649475098
205K,-4.430603504180908,-0.31441688537597656,-2.6883468627929688,-2.8821091651916504,-4.456303596496582,-2.533569574356079,-2.4845099449157715,-4.374859809875488,-1.9522364139556885,-3.5086464881896973,-1.5633845329284668,0.0,-3.812373638153076,-2.614454746246338,-4.56857442855835,-3.3368544578552246,-2.6854190826416016,-4.246057510375977,-2.4052228927612305,-2.764652967453003
206D,-5.749422073364258,-6.28562068939209,-3.893390655517578,0.0,-5.5432024002075195,-6.064323425292969,-4.689372539520264,-6.036020755767822,-5.395031929016113,-5.983247756958008,-5.601975917816162,-5.807482719421387,-6.002566337585449,-6.059764862060547,-6.020011901855469,-5.170389175415039,-6.5335493087768555,-6.081884384155273,-5.881308555603027,-6.2865519523620605
207P,-2.7807087898254395,-2.988452434539795,-3.542933225631714,-3.2865655422210693,-4.6019978523254395,-2.8327975273132324,-1.5639033317565918,-4.435770511627197,-4.245739459991455,-3.033323049545288,-3.3700897693634033,-1.434474229812622,-4.269171237945557,-4.224525451660156,0.0,-2.7878363132476807,-3.3766095638275146,-4.932878494262695,-4.4438886642456055,-2.706754207611084
208N,-1.9330135583877563,-2.0647354125976562,0.0,-1.53146231174469,-3.417243003845215,-1.7088898420333862,-0.9717990159988403,-2.9917922019958496,-1.8559108972549438,-3.7611494064331055,-1.7738715410232544,-0.9537237882614136,-2.8642234802246094,-1.8897935152053833,-4.160799980163574,-1.3360694646835327,-1.9068058729171753,-3.2756996154785156,-1.8629456758499146,-3.657517910003662
209E,-4.509018421173096,-5.942647933959961,-4.124173641204834,-0.7845184803009033,-2.9224202632904053,-4.300287246704102,0.0,-4.77919864654541,-5.284262180328369,-5.390101909637451,-5.7155938148498535,-5.2439727783203125,-5.57412052154541,-5.184029579162598,-5.462682723999023,-4.5603227615356445,-3.614133358001709,-5.596841335296631,-5.497471332550049,-5.306884765625
210K,-1.919939398765564,-1.7409757375717163,-1.7239006757736206,-1.7332037687301636,-3.5038065910339355,-1.5300034284591675,-0.791162371635437,-2.890044689178467,-2.7907567024230957,-2.1979823112487793,-2.211087703704834,0.0,-3.114285945892334,-3.1046414375305176,-1.4110153913497925,-0.7114275693893433,-0.6027141809463501,-3.890720844268799,-3.2483205795288086,-1.7899607419967651
211R,0.05914115905761719,0.0,0.5029159784317017,-0.895087718963623,-2.380927801132202,0.00486445426940918,-0.3715848922729492,-2.705853223800659,-1.4862134456634521,-3.1696927547454834,-2.1140968799591064,0.7036595344543457,-2.463097333908081,-2.118030309677124,-3.0640575885772705,-0.5529649257659912,-2.0427911281585693,-2.959120512008667,-2.3731820583343506,-3.1436007022857666
212D,-6.082077503204346,-6.15974235534668,-4.988710880279541,0.0,-5.452772617340088,-5.864627838134766,-4.332690238952637,-6.050888538360596,-5.504310607910156,-5.848534107208252,-6.057979106903076,-5.7324676513671875,-5.84749698638916,-5.914202690124512,-5.281813144683838,-5.438791275024414,-6.413957118988037,-5.95264196395874,-5.673880100250244,-5.93996000289917
213H,-3.441009044647217,-5.309720993041992,-3.163271427154541,-4.573790550231934,-3.6093034744262695,-1.2047669887542725,-3.742431640625,-4.432473182678223,0.0,-4.353333473205566,-4.561366558074951,-4.922751426696777,-4.158417224884033,-3.7828493118286133,-4.567538738250732,-1.6193506717681885,-3.9868335723876953,-4.450015544891357,-4.1534318923950195,-4.528840065002441
214M,-4.187356948852539,-3.282012939453125,-3.81022310256958,-4.006547927856445,-2.395817279815674,-3.1812362670898438,-3.698859214782715,-4.433144569396973,-4.496649742126465,-4.127363681793213,0.7317209243774414,-3.769387722015381,0.0,-4.566021919250488,-4.08307409286499,-4.314109802246094,-4.582549095153809,-4.279017925262451,-4.0831193923950195,-3.8118062019348145
215V,-3.0381784439086914,-1.35514235496521,1.1348154544830322,0.30698657035827637,0.02804422378540039,-1.2094790935516357,0.43271636962890625,-3.250316619873047,-2.192387580871582,-2.128434658050537,-2.2147130966186523,-0.8383040428161621,-2.3579301834106445,-3.318057060241699,-3.376646041870117,-1.9941067695617676,-2.187480926513672,-3.170783042907715,-2.9433488845825195,0.0
216L,-5.5510053634643555,-3.6503076553344727,-5.249497413635254,-5.378170967102051,-5.068141460418701,-4.538400173187256,-5.065507411956787,-5.382384300231934,-5.896087646484375,-4.7700347900390625,0.0,-4.177900791168213,-3.7074227333068848,-5.547738075256348,-5.377793312072754,-4.860578536987305,-5.473769664764404,-4.862585544586182,-5.668946266174316,-4.401907444000244
217L,-1.5364198684692383,-0.13129377365112305,0.011851787567138672,0.6133475303649902,-1.2073006629943848,1.423011302947998,4.303994178771973,-1.380448341369629,-0.5820760726928711,0.34607839584350586,0.0,0.48047447204589844,-0.668487548828125,-1.317901611328125,-1.2062678337097168,-0.06489133834838867,2.12762451171875,-1.555109977722168,-0.7571821212768555,1.1131649017333984
218E,-1.1767964363098145,0.336574912071228,-2.1872243881225586,-2.4652695655822754,-2.7331490516662598,1.0015758275985718,0.0,-2.250723361968994,-2.6078109741210938,-3.1319565773010254,-3.0750064849853516,0.5602792501449585,-1.4373769760131836,-3.4400625228881836,-3.1908154487609863,0.22251462936401367,-1.3942227363586426,-3.1394152641296387,-3.5989532470703125,-3.618849277496338
219F,-4.796506404876709,-3.3103199005126953,-2.375779628753662,-4.051964282989502,-4.300017356872559,-2.878300189971924,-2.6895999908447266,-4.021181106567383,-1.2777868509292603,-2.2014331817626953,-3.692798137664795,-2.6344351768493652,-4.063110828399658,0.0,-4.60112190246582,-3.1135993003845215,-1.8103569746017456,-3.0162744522094727,0.2772536277770996,-2.7348008155822754
220V,-3.223263740539551,-1.6048049926757812,-2.9936490058898926,-3.464905261993408,-3.1739611625671387,-1.0822582244873047,-1.8952784538269043,-3.7332639694213867,-3.4469141960144043,1.478355050086975,-2.110002040863037,-2.5291848182678223,-1.045055866241455,-3.8938331604003906,-3.4919562339782715,-2.5239620208740234,-0.7422599792480469,-3.0118985176086426,-3.7552995681762695,0.0
221T,-2.409475803375244,-2.247220039367676,-1.8375072479248047,-0.44596409797668457,-2.8566489219665527,-1.5567219257354736,1.2524361610412598,-3.6958136558532715,-2.234926700592041,-2.03191876411438,-3.8219895362854004,-2.079044818878174,-3.489853858947754,-3.12967586517334,-3.803891181945801,-1.398075819015503,0.0,-3.3868346214294434,-2.6747021675109863,-1.2969181537628174
222A,0.0,-5.8839521408081055,-5.755349159240723,-5.61862850189209,-5.840942859649658,-5.711981773376465,-5.884995937347412,-5.665683746337891,-5.6541008949279785,-5.4057297706604,-5.760985851287842,-5.602402687072754,-5.611385822296143,-5.6342573165893555,-5.158008098602295,-4.617112636566162,-5.500852584838867,-5.782676696777344,-5.485850811004639,-5.544215679168701
223A,0.0,-4.410695552825928,-2.0629899501800537,0.6507372856140137,-4.109329700469971,-3.988129138946533,-2.725857734680176,-1.9064993858337402,-3.924076557159424,-4.041199207305908,-4.367745876312256,-3.9679970741271973,-3.907149314880371,-4.278669834136963,-4.253952503204346,-0.9226925373077393,-3.937796115875244,-4.417705535888672,-4.126338481903076,-4.4394097328186035
224G,-5.494601726531982,-5.52592658996582,-5.399937629699707,-5.4547905921936035,-5.564414024353027,-5.462966442108154,-5.5515217781066895,0.0,-5.588963508605957,-5.596711158752441,-5.558156490325928,-5.453699588775635,-5.560675621032715,-5.572576522827148,-5.546704292297363,-5.594505786895752,-5.6025824546813965,-5.551054000854492,-5.510916709899902,-5.573260307312012
225I,-6.315929412841797,-5.4258527755737305,-5.462944984436035,-6.03377103805542,-6.047377586364746,-5.257840633392334,-6.077932357788086,-5.879746437072754,-5.98208475112915,0.0,-3.6855854988098145,-4.933492660522461,-5.5334792137146,-6.142331123352051,-5.761816024780273,-6.0022196769714355,-6.464716911315918,-5.611253261566162,-5.3473005294799805,-4.597874641418457
226T,1.37807297706604,0.0416717529296875,0.5232372283935547,0.9287822246551514,-1.2394537925720215,0.33106303215026855,1.558777093887329,-0.04619789123535156,-0.7749218940734863,-0.7975320816040039,-0.35285234451293945,1.390542984008789,-1.008704662322998,-1.116234302520752,3.4402031898498535,1.1923151016235352,0.0,-1.4588332176208496,-0.9689984321594238,-0.4490389823913574
227L,0.8119344711303711,1.0918011665344238,-0.15743637084960938,0.3397362232208252,-1.3775420188903809,1.1472282409667969,1.910391092300415,-0.8719944953918457,-0.27868175506591797,-0.14615964889526367,0.0,2.11881685256958,-1.1743559837341309,-0.6562776565551758,1.5760161876678467,0.8961052894592285,0.3063979148864746,-1.2091937065124512,-0.601830005645752,0.4104442596435547
