position,A,R,N,D,C,Q,E,G,H,I,L,K,M,F,P,S,T,W,Y,V
1S,-1.7456073760986328,-5.5303544998168945,-3.450206756591797,-3.236030101776123,-3.4647488594055176,-5.219460487365723,-5.601686000823975,-4.830137252807617,-1.8725457191467285,-5.142420768737793,-5.408148765563965,-5.090114593505859,-4.179943561553955,-4.2169270515441895,-4.175400257110596,0.0,-3.605595588684082,-4.163918972015381,-4.002842903137207,-4.916696548461914
2K,-0.12589538097381592,-1.8369312286376953,-2.5390398502349854,-1.4644553661346436,-3.7867867946624756,-1.4359612464904785,-0.5741398334503174,-2.9289357662200928,-3.1021177768707275,-3.1281588077545166,-2.5199320316314697,0.0,-3.0424282550811768,-3.54206919670105,0.8398497104644775,-1.074289083480835,-2.1082046031951904,-3.601213216781616,-3.3484532833099365,-2.628216028213501
3G,-5.451545238494873,-5.577122688293457,-5.559272289276123,-5.578047752380371,-5.624617099761963,-5.502781391143799,-5.500310897827148,0.0,-5.634198188781738,-5.552143096923828,-5.598140239715576,-5.476043224334717,-5.550721168518066,-5.587248802185059,-5.588519096374512,-5.534039497375488,-5.53059196472168,-5.590242862701416,-5.5110955238342285,-5.559854984283447
4E,-0.2882719039916992,-2.953904867172241,-3.153792142868042,-1.6640312671661377,-4.332548141479492,-1.302269458770752,0.0,-1.3792097568511963,-1.7288439273834229,-3.8362748622894287,-4.358105659484863,-4.1777496337890625,-3.4872796535491943,-4.611781120300293,-3.809648275375366,-0.658653736114502,-2.4666266441345215,-2.815264940261841,-3.72719407081604,-5.225898742675781
5E,-1.5836480855941772,-2.0026464462280273,-2.2037596702575684,-1.8324216604232788,-3.8641161918640137,-0.8442472219467163,0.0,-2.3773584365844727,-3.306820869445801,-3.5217838287353516,-1.8847688436508179,0.02364206314086914,-3.020534038543701,-3.898705005645752,-4.011444568634033,-1.0635842084884644,-0.6364282369613647,-3.979386806488037,-3.4413795471191406,-3.2663912773132324
6L,-5.53206205368042,-5.086282253265381,-5.673959732055664,-5.655285835266113,-6.145406723022461,-4.7933573722839355,-5.557786464691162,-5.636307716369629,-5.577938556671143,-5.870060920715332,0.0,-4.575350284576416,-4.226872444152832,-5.460982799530029,-5.562478542327881,-5.690805912017822,-5.804800510406494,-5.66313362121582,-4.574619293212891,-6.648971080780029
7F,-5.889084815979004,-5.702674865722656,-5.280656337738037,-5.424964427947998,-5.769036293029785,-5.499007701873779,-5.456583023071289,-5.45973014831543,-5.276468276977539,-5.922234535217285,-5.137490272521973,-5.281670570373535,-5.317841529846191,0.0,-5.717541217803955,-5.477242469787598,-5.455160140991211,-6.918518543243408,-4.536546230316162,-5.6965651512146
8T,-0.48732447624206543,-0.2000110149383545,-0.47724127769470215,-0.6888167858123779,-2.087390184402466,0.7375578880310059,0.1404571533203125,-1.4227182865142822,-1.4554660320281982,-2.530860662460327,-1.6272227764129639,2.5761263370513916,-2.3625380992889404,-2.4701831340789795,-2.493086576461792,0.3204829692840576,0.0,-2.909616231918335,-2.415311574935913,-1.9610373973846436
9G,-3.9477977752685547,-3.8286008834838867,-2.3977322578430176,-1.579319953918457,-4.967611789703369,-3.294314384460449,-2.454589605331421,0.0,-3.9564361572265625,-5.311781406402588,-5.414848804473877,-2.1564383506774902,-5.087106227874756,-5.054658889770508,-5.155364036560059,-2.463200330734253,-3.4644103050231934,-5.467575550079346,-5.28598690032959,-5.174574375152588
10V,-2.8670547008514404,-0.5576677322387695,-2.4748036861419678,-3.469700574874878,-3.2254087924957275,-2.4312827587127686,-2.3451931476593018,-3.5629961490631104,-3.5093209743499756,-0.5957226753234863,-1.2058179378509521,2.630833625793457,-3.558603525161743,-3.1965720653533936,-2.206878900527954,-2.601177453994751,-1.6478064060211182,-3.6873228549957275,-3.3499367237091064,0.0
11V,-5.868284225463867,-4.625762462615967,-5.992547988891602,-5.633502960205078,-4.460972309112549,-4.7816572189331055,-5.317114353179932,-5.699753284454346,-5.684237480163574,-3.3955464363098145,-6.013752460479736,-4.212645530700684,-5.455535888671875,-5.971022605895996,-5.745214462280273,-5.753420352935791,-2.380448818206787,-5.2998366355896,-5.694968223571777,0.0
12P,-5.8629045486450195,-5.140260696411133,-4.557168483734131,-5.3185648918151855,-6.5683088302612305,-5.278716564178467,-5.6669602394104,-5.438573837280273,-5.643793106079102,-5.640575408935547,-5.768290042877197,-3.8935909271240234,-6.122341156005859,-5.940057277679443,0.0,-4.992307662963867,-6.153528690338135,-6.2765021324157715,-5.860499382019043,-6.432892322540283
13I,-5.766639232635498,-5.623876571655273,-5.419025421142578,-5.49392557144165,-4.4069318771362305,-4.877814769744873,-5.693233966827393,-5.642434597015381,-5.412600040435791,0.0,-4.395094871520996,-5.297950744628906,-4.497718334197998,-5.504077911376953,-5.548990249633789,-5.939278602600098,-5.311992645263672,-5.2973222732543945,-5.387409687042236,-1.1686022281646729
14L,-0.999204158782959,1.8171696662902832,-0.6254673004150391,-1.2399821281433105,-2.3175902366638184,0.3177518844604492,0.22674226760864258,-2.296823501586914,-1.3819050788879395,-0.4991469383239746,0.0,3.1361851692199707,-1.527916431427002,-2.0752739906311035,-2.2224621772766113,-0.07683086395263672,-0.13613510131835938,-2.092590808868408,-1.3915104866027832,-0.2840445041656494
15V,-4.950621128082275,-5.2350029945373535,-5.626289367675781,-5.85858678817749,-4.7461442947387695,-4.943056106567383,-5.133577823638916,-5.753635406494141,-6.3120808601379395,-4.3334856033325195,-5.983509063720703,-5.396391868591309,-5.798064708709717,-5.71720027923584,-5.739987373352051,-5.21874475479126,-4.3012309074401855,-5.587611198425293,-5.886799335479736,0.0
16E,-2.175532341003418,-1.8007656335830688,-0.7271906137466431,-1.3573044538497925,-3.5205817222595215,-0.49173128604888916,0.0,-2.4379658699035645,-0.2530416250228882,-3.0995559692382812,-2.4874749183654785,-0.6093515157699585,-3.186316967010498,-1.5354267358779907,-3.5599279403686523,-0.05334460735321045,-1.1579474210739136,-3.105003833770752,-1.2012416124343872,-3.404332160949707
17L,-5.499762535095215,-5.4953293800354,-5.387275695800781,-5.111804008483887,-4.6651387214660645,-5.155171871185303,-5.359343528747559,-5.418890476226807,-5.345726490020752,-5.406208515167236,0.0,-5.028878211975098,-2.9506454467773438,-5.468303680419922,-5.249573707580566,-5.416518211364746,-5.631305694580078,-5.738397598266602,-5.49384880065918,-5.507913112640381
18D,-1.4337131977081299,-1.0512657165527344,-0.4069514274597168,0.0,-2.595614433288574,0.1536870002746582,0.9294207096099854,-2.888050079345703,-1.8278121948242188,-1.2164380550384521,-1.3884224891662598,0.6311560869216919,-2.215982437133789,-2.4158716201782227,-2.907658576965332,-0.44847607612609863,-0.15270233154296875,-2.890972137451172,-2.2779436111450195,-0.6042602062225342
19G,-5.241675853729248,-5.571987628936768,-5.621171951293945,-5.677539825439453,-5.564842224121094,-5.524791240692139,-5.62422513961792,0.0,-5.636429309844971,-5.581485271453857,-5.589112281799316,-5.5232696533203125,-5.511725425720215,-5.5546956062316895,-5.5872392654418945,-5.781599044799805,-5.665499687194824,-5.588277816772461,-5.555851459503174,-5.575372695922852
20D,-3.901109457015991,-4.74549674987793,-1.9660019874572754,0.0,-3.6511223316192627,-2.8837926387786865,0.48116546869277954,-4.755850791931152,-4.714020729064941,-3.8605425357818604,-4.973336219787598,-3.6396372318267822,-4.235674858093262,-4.926326751708984,-4.783805847167969,-2.0862619876861572,-2.6739070415496826,-4.9838666915893555,-4.461971282958984,-3.677962064743042
21V,-5.45902156829834,-5.793983459472656,-5.745406150817871,-5.491454601287842,-5.430071830749512,-5.840198040008545,-5.6811113357543945,-5.722982406616211,-5.629176139831543,-4.322961807250977,-6.1847076416015625,-5.4782257080078125,-5.913398742675781,-5.66544771194458,-5.455039978027344,-5.892056465148926,-5.5068182945251465,-5.5202412605285645,-5.737330436706543,0.0
22N,-4.617616176605225,-5.737063407897949,0.0,-4.798722743988037,-5.105959415435791,-5.143393039703369,-4.642552852630615,-5.246364116668701,-5.892884254455566,-6.00775671005249,-5.815057754516602,-5.4461212158203125,-5.315186977386475,-5.41940450668335,-5.346997261047363,-5.165389060974121,-5.07540225982666,-5.179688453674316,-5.64631462097168,-4.709514617919922
23G,-4.816736221313477,-4.728225231170654,-3.3581080436706543,-3.746485471725464,-5.468473434448242,-4.277964115142822,-4.074527740478516,0.0,-4.85837459564209,-5.3442702293396,-5.250094890594482,-3.5909926891326904,-5.2707648277282715,-5.115119934082031,-5.45968770980835,-4.047269821166992,-4.987377643585205,-5.461129665374756,-5.053304672241211,-5.313206195831299
24H,-0.5528016090393066,1.7129459381103516,0.6063575744628906,-0.4341921806335449,-1.130882740020752,1.873244285583496,0.8535914421081543,-1.5336122512817383,0.0,0.796173095703125,1.2195367813110352,4.21549654006958,-0.16933488845825195,-1.3638696670532227,-1.5068402290344238,-0.9100484848022461,-1.3317217826843262,-1.7987303733825684,-0.7200789451599121,-0.632011890411377
25K,-4.591278076171875,-2.0089755058288574,-4.411715507507324,-5.477187156677246,-5.416256904602051,-2.7307419776916504,-3.514730215072632,-5.410562515258789,-4.3430633544921875,-4.712141990661621,-4.7817583084106445,0.0,-5.170083999633789,-5.068124771118164,-4.999985694885254,-4.110660552978516,-3.210171937942505,-5.571616172790527,-4.966567039489746,-4.03021240234375
26F,-5.370479106903076,-5.674619674682617,-5.357119560241699,-5.280942916870117,-5.351873874664307,-5.688566207885742,-5.35041618347168,-5.609668731689453,-5.593760013580322,-6.140961647033691,-6.235309600830078,-5.580094814300537,-5.857232093811035,0.0,-5.529688835144043,-5.167640686035156,-5.166996955871582,-6.225470542907715,-4.503419876098633,-5.769851207733154
27S,-1.7674293518066406,-0.09049201011657715,-1.8466887474060059,-3.3303027153015137,-3.25838565826416,-1.4395322799682617,-2.396965980529785,-3.0914177894592285,1.3117938041687012,-3.0723485946655273,-3.8432445526123047,0.16963958740234375,-3.0232105255126953,-3.8358945846557617,-3.467952251434326,0.0,-1.7964293956756592,-3.716273307800293,-3.2638769149780273,-3.739786148071289
28V,-5.372625350952148,-5.131474494934082,-5.34869909286499,-5.279947280883789,-5.315858840942383,-5.380714416503906,-5.365038871765137,-5.321567535400391,-5.3394060134887695,-1.3289945125579834,-5.556272029876709,-5.318505764007568,-5.292169094085693,-5.378515720367432,-5.085484981536865,-5.173990726470947,-5.183255195617676,-5.244477272033691,-5.436797142028809,0.0
29S,-1.971556305885315,-1.4149214029312134,-3.263549327850342,-4.175570011138916,-4.045650482177734,-2.0774478912353516,-2.508716583251953,-3.9209141731262207,-1.4213861227035522,-4.19317626953125,-4.507611274719238,-0.7017569541931152,-3.7058238983154297,-4.075033187866211,-4.300322532653809,0.0,-2.299844264984131,-4.721906661987305,-3.9761953353881836,-4.047574996948242
30G,-5.122413158416748,-5.518247127532959,-5.62144660949707,-5.642279148101807,-5.514225959777832,-5.4762115478515625,-5.543082237243652,0.0,-5.614633560180664,-5.518972873687744,-5.482522487640381,-5.432931423187256,-5.487611293792725,-5.56554651260376,-5.596857070922852,-5.792353630065918,-5.565277576446533,-5.576671600341797,-5.515936851501465,-5.449504852294922
31E,-1.6017420291900635,-1.3200571537017822,-2.3731157779693604,-2.4512593746185303,-3.080629587173462,-1.0642986297607422,0.0,-3.4160215854644775,-2.065488576889038,-2.575854539871216,-3.6252291202545166,-0.5602362155914307,-3.1511166095733643,-2.4072229862213135,-3.7849366664886475,-0.28016042709350586,-1.5406582355499268,-2.057870864868164,-2.086076259613037,-1.993572473526001
32G,-5.485598087310791,-5.437155246734619,-5.570441722869873,-5.577014446258545,-5.59418249130249,-5.553049087524414,-5.602358341217041,0.0,-5.575778961181641,-5.544323444366455,-5.46078634262085,-5.397519588470459,-5.556792736053467,-5.53273344039917,-5.524318218231201,-5.426686763763428,-5.635127544403076,-5.548735618591309,-5.535886287689209,-5.556757926940918
33E,-1.2907047271728516,-1.5137743949890137,-1.3895776271820068,-2.2580745220184326,-2.016601800918579,-0.5629715919494629,0.0,-3.1427509784698486,-1.340346336364746,-1.2489912509918213,-2.7606537342071533,-0.359386682510376,-2.2070653438568115,-1.1589939594268799,-3.410170793533325,-0.9178237915039062,0.4337422847747803,-2.472508192062378,-1.0311336517333984,1.3916652202606201
34G,-5.289345741271973,-5.496673583984375,-5.62803316116333,-5.704592704772949,-5.585641860961914,-5.519684314727783,-5.58123254776001,0.0,-5.527220249176025,-5.5802836418151855,-5.559106349945068,-5.453544616699219,-5.531184196472168,-5.55501127243042,-5.594064712524414,-5.759453773498535,-5.604514122009277,-5.553380012512207,-5.528675556182861,-5.588593482971191
35D,-4.96832799911499,-4.6170654296875,-0.4246830344200134,0.0,-4.9010467529296875,-3.9313249588012695,-3.644804000854492,-5.350766181945801,-4.249820232391357,-3.999589443206787,-3.7199339866638184,-4.212499618530273,-4.557740211486816,-4.587413787841797,-5.062323093414307,-3.998354911804199,-4.168616771697998,-4.570449352264404,-4.006012439727783,-4.26864767074585
36A,0.0,-5.637611389160156,-5.967922687530518,-5.6262664794921875,-5.793081283569336,-5.447028636932373,-5.701460838317871,-5.179072380065918,-6.08160400390625,-5.765797138214111,-5.575424671173096,-5.656221866607666,-5.7689361572265625,-5.655338287353516,-4.692863464355469,-3.311953067779541,-5.724493026733398,-5.569713115692139,-5.582053184509277,-5.813773155212402
37T,-1.3164408206939697,-0.07155489921569824,-0.30216312408447266,-2.846965789794922,-2.2873830795288086,0.5597914457321167,-0.9719901084899902,-2.1703529357910156,-2.95974063873291,-1.41617751121521,-0.9387242794036865,0.818415641784668,-2.4667139053344727,-2.581627368927002,-1.750119686126709,-1.0147030353546143,0.0,-3.349717617034912,-2.6392645835876465,0.3064589500427246
38Y,-0.2520918846130371,0.8363347053527832,1.044736385345459,-0.21529817581176758,-0.9218363761901855,1.9046273231506348,1.7325587272644043,-1.5326423645019531,0.5880293846130371,-0.304473876953125,2.3060545921325684,3.158039093017578,-0.2529411315917969,-0.07925224304199219,-1.5358424186706543,0.44813060760498047,1.1234283447265625,-1.352158546447754,0.0,-0.34169816970825195
39G,-5.427513599395752,-5.537423610687256,-5.633455276489258,-5.6108784675598145,-5.607805252075195,-5.531459808349609,-5.594074249267578,0.0,-5.639526844024658,-5.531357288360596,-5.610016822814941,-5.535260200500488,-5.517038822174072,-5.515990257263184,-5.5407938957214355,-5.436197757720947,-5.627891540527344,-5.538843631744385,-5.5086493492126465,-5.570793151855469
40K,-4.345240116119385,-0.9937188625335693,-4.6735734939575195,-5.561286926269531,-2.4473443031311035,-1.462665319442749,-1.887916088104248,-4.8292012214660645,-4.8284101486206055,-4.040956974029541,-2.5505518913269043,0.0,-2.548973321914673,-4.837427139282227,-4.905569076538086,-4.29034423828125,-3.1030640602111816,-5.036960601806641,-4.647017955780029,-3.902895450592041
41L,-5.057127952575684,-2.927790403366089,-3.4811689853668213,-5.119204044342041,-3.545820951461792,-2.6208157539367676,-3.6206862926483154,-5.097369194030762,-5.1387104988098145,-1.7064311504364014,0.0,-1.9219374656677246,-2.5568082332611084,-5.3802266120910645,-4.845952987670898,-3.9335906505584717,-3.145946979522705,-5.22202205657959,-5.009693622589111,-2.4257164001464844
42T,-0.5491361618041992,0.7066431045532227,0.5605993270874023,0.17629313468933105,-1.0510931015014648,0.8724730014801025,1.6261504888534546,-1.665849208831787,-1.0717086791992188,-0.14166522026062012,0.4861147403717041,1.2918362617492676,-0.6611242294311523,-0.09700679779052734,-1.9324932098388672,0.6986227035522461,0.0,-1.199589729309082,0.04766225814819336,0.9751870632171631
43L,-5.586154937744141,-5.088992595672607,-5.060329437255859,-5.532212257385254,-4.921689510345459,-3.9683279991149902,-5.044567584991455,-5.329707145690918,-6.0461344718933105,-3.3855514526367188,0.0,-5.271740913391113,-3.035604476928711,-5.917043209075928,-5.49920129776001,-5.459826469421387,-5.294521331787109,-5.819377899169922,-5.998289108276367,-4.358707904815674
44K,-4.879883766174316,-3.169492721557617,-4.5331926345825195,-5.745046615600586,-4.952350616455078,-2.267643451690674,-3.1452198028564453,-4.870063781738281,-2.143646717071533,-4.267441749572754,-4.548151969909668,0.0,-3.5132594108581543,-5.003023624420166,-5.250432014465332,-3.4827117919921875,-2.354355812072754,-5.507993698120117,-5.0551629066467285,-4.676390647888184
45F,-5.180449485778809,-5.913283348083496,-4.772107124328613,-5.349628925323486,-4.566667079925537,-5.458041191101074,-5.287710666656494,-5.524845123291016,-4.353428840637207,-6.023299217224121,-5.181765556335449,-5.310295581817627,-5.080237865447998,0.0,-5.619311809539795,-5.753323078155518,-5.972466945648193,-6.110832214355469,-2.5334291458129883,-5.291395664215088
46I,-4.746945381164551,-4.151229381561279,-4.452296257019043,-5.210531234741211,-4.209349155426025,-4.253076076507568,-4.3955512046813965,-5.1249308586120605,-4.850074291229248,0.0,-3.421642303466797,-4.03355073928833,-4.773898601531982,-4.947337627410889,-4.867459774017334,-4.612367153167725,-3.581951141357422,-3.393918514251709,-4.601705074310303,0.2687058448791504
47C,-3.5957345962524414,-3.998006820678711,0.6922931671142578,-2.2143516540527344,0.0,-3.4681944847106934,-3.9525909423828125,-4.589874744415283,-3.996310234069824,-4.649371147155762,-4.204297065734863,-4.9042582511901855,-4.517406463623047,-4.706935405731201,-4.553474426269531,-3.1362204551696777,-3.7357964515686035,-4.587864398956299,-4.296942234039307,-3.517580986022949
48T,-5.388403415679932,-3.2775797843933105,-1.8723243474960327,-2.3000636100769043,-4.943157196044922,-3.583430767059326,-1.560142159461975,-4.851559638977051,-4.093606472015381,-2.6499733924865723,-4.271652698516846,-2.664213180541992,-4.4976396560668945,-4.692957878112793,-4.975597858428955,-3.165343761444092,0.0,-5.0030364990234375,-4.889229774475098,-1.9097956418991089
49T,-4.205114364624023,-4.779822826385498,-3.939800500869751,-3.825646162033081,-4.779881954193115,-4.760687828063965,-4.3518877029418945,-4.629093170166016,-4.87058687210083,-4.825641632080078,-4.665502548217773,-3.915801763534546,-5.119853973388672,-4.843379974365234,-4.866204738616943,-0.18388938903808594,0.0,-4.6642913818359375,-4.232733249664307,-5.026065349578857
50G,-5.678130626678467,-5.540887355804443,-5.543952465057373,-5.533969402313232,-5.597133636474609,-5.545254707336426,-5.570672035217285,0.0,-5.608999729156494,-5.518758296966553,-5.508667945861816,-5.480421543121338,-5.538125038146973,-5.595524787902832,-5.557530403137207,-5.493076324462891,-5.571847915649414,-5.599425792694092,-5.5902509689331055,-5.552279949188232
51K,-2.2429792881011963,-2.240633964538574,-2.5774710178375244,-2.2908661365509033,-4.484023094177246,-1.8511607646942139,-1.0050545930862427,-4.0711669921875,-3.792562246322632,-3.775446653366089,-3.6254632472991943,0.0,-3.931720495223999,-4.355107307434082,-1.7157039642333984,-2.352659225463867,-2.0246992111206055,-4.8531599044799805,-4.24962043762207,-2.8429806232452393
52L,-6.409709453582764,-6.12897253036499,-4.41768217086792,-5.636002063751221,-5.226576805114746,-5.845575332641602,-5.740267276763916,-6.149985313415527,-5.357736110687256,-4.817127227783203,0.0,-5.387838363647461,-5.320159435272217,-5.465981960296631,-5.600963115692139,-5.957077980041504,-5.9309773445129395,-6.139332294464111,-5.524346351623535,-6.066038608551025
53P,-6.150050163269043,-5.9423747062683105,-5.486388206481934,-5.966951370239258,-5.6307291984558105,-5.688638687133789,-5.742227077484131,-5.733525276184082,-5.672661781311035,-5.280697345733643,-5.737109184265137,-5.504338264465332,-5.8824543952941895,-5.738070011138916,0.0,-5.652912616729736,-5.4383015632629395,-5.619998931884766,-5.580470085144043,-5.493264198303223
54V,-5.773675441741943,-6.033827781677246,-5.991942882537842,-5.560266971588135,-5.03233528137207,-5.742997646331787,-5.601761341094971,-5.795216083526611,-5.6927947998046875,-3.5161147117614746,-6.281540870666504,-6.005166053771973,-5.826009750366211,-5.693127632141113,-5.510323524475098,-5.873021125793457,-5.004539489746094,-6.059027671813965,-6.283425807952881,0.0
55P,-5.572646617889404,-6.210648059844971,-4.796003341674805,-4.743537902832031,-5.230039596557617,-5.7791361808776855,-5.977509021759033,-5.896492958068848,-5.2802414894104,-5.789811611175537,-5.943559169769287,-5.7305145263671875,-5.803038597106934,-5.838586330413818,0.0,-4.5728349685668945,-5.679081916809082,-5.657660007476807,-5.83180570602417,-6.133983612060547
56W,-2.7767038345336914,-3.9296274185180664,-4.478305816650391,-5.333577632904053,-4.578320503234863,-2.602522134780884,-1.8841824531555176,-4.48911714553833,-3.4032065868377686,-4.059359550476074,-3.9963479042053223,-3.7174582481384277,-4.225109100341797,-3.3432836532592773,-3.4814486503601074,-3.595644474029541,-3.814103603363037,0.0,-2.7777066230773926,-4.365828037261963
57P,-4.141788959503174,-5.581872940063477,-3.2325985431671143,-4.380000591278076,-4.819473743438721,-3.627978801727295,-4.100221157073975,-5.162769794464111,-5.488426208496094,-5.3052544593811035,-5.939572334289551,-5.55256462097168,-4.0619587898254395,-5.258847713470459,0.0,-2.447908401489258,-1.0824251174926758,-5.034811973571777,-5.096885681152344,-2.2830867767333984
58T,-2.201592445373535,-5.517085552215576,-3.920275926589966,-4.235156059265137,-1.724785566329956,-4.869498252868652,-4.781265735626221,-4.819750785827637,-4.8818159103393555,-4.969992160797119,-5.100100517272949,-4.9401984214782715,-4.864923477172852,-5.026446342468262,-5.111649990081787,-2.6579627990722656,0.0,-5.280764579772949,-4.895954132080078,-1.685790777206421
59L,-5.940256595611572,-5.703547477722168,-5.3332109451293945,-5.512138843536377,-5.5677809715271,-5.372480869293213,-5.422473430633545,-5.66123104095459,-5.527746200561523,-5.360538482666016,0.0,-5.357186794281006,-5.514951229095459,-5.933072090148926,-5.509945392608643,-5.396450996398926,-5.320328712463379,-5.45557165145874,-5.531879425048828,-5.806759834289551
60V,-4.70359992980957,-3.4626784324645996,-4.630251407623291,-5.51497745513916,-4.565319061279297,-4.123270034790039,-4.809157371520996,-5.250849723815918,-5.081451892852783,-4.784190654754639,-4.868314266204834,-4.08500862121582,-5.570601463317871,-5.269426345825195,-5.484910011291504,-5.231245994567871,-3.721064805984497,-5.000481128692627,-4.830976486206055,0.0
61T,0.09559392929077148,-2.608731985092163,-0.22913575172424316,0.48845744132995605,-2.19746470451355,-0.5271275043487549,0.10964226722717285,-1.6260192394256592,-2.481109380722046,-2.5534064769744873,-2.6792218685150146,-1.9969031810760498,-1.4054715633392334,-3.024143934249878,1.6387748718261719,2.1008591651916504,0.0,-2.647826910018921,-2.930448293685913,-2.2384755611419678
62T,-1.3809986114501953,-4.18614387512207,-0.3620537519454956,-2.687852621078491,-2.3807835578918457,-2.5565903186798096,-3.2155349254608154,-3.5509908199310303,-3.5426414012908936,-0.35627663135528564,-3.8867032527923584,-3.505444288253784,-3.721393346786499,-3.8145029544830322,-2.730287790298462,-0.453416109085083,0.0,-3.519427537918091,-3.9349496364593506,0.0032944679260253906
63L,-6.030690670013428,-5.975523948669434,-5.453324317932129,-5.74555778503418,-5.044510841369629,-5.814854145050049,-5.709234714508057,-5.690490245819092,-5.720729351043701,-5.615787029266357,0.0,-5.740550994873047,-4.42947244644165,-4.772770404815674,-5.800844669342041,-5.380182266235352,-5.585688591003418,-5.873676776885986,-5.337615966796875,-5.20261812210083
64V,-0.887223482131958,-1.9780347347259521,-1.009068250656128,-2.1803839206695557,1.0268359184265137,-0.3021547794342041,-0.25421881675720215,-2.3536789417266846,-2.2546017169952393,-2.270677328109741,0.6631531715393066,-1.6064035892486572,0.654778242111206,-2.2945492267608643,2.6260509490966797,-0.8341805934906006,0.773334264755249,-2.8854758739471436,-2.736772298812866,0.0
65Q,-0.46662330627441406,-0.8774442672729492,2.6132712364196777,0.28418731689453125,-1.511312484741211,0.0,-0.41808605194091797,-1.5432815551757812,0.4225497245788574,-1.6321125030517578,0.7708187103271484,-1.6443524360656738,0.6744227409362793,1.760767936706543,0.650062084197998,-0.08454561233520508,-0.9949922561645508,-0.16952896118164062,1.8422056436538696,-1.3619651794433594
66C,-0.3479622006416321,-4.693209171295166,-3.2593069076538086,-4.271942138671875,0.0,-3.057522773742676,-2.3768343925476074,-4.0005340576171875,-4.462036609649658,-4.836028575897217,-4.084865570068359,-4.748384475708008,-4.130690097808838,-5.055464744567871,-1.2013940811157227,-1.5868921279907227,-2.4212889671325684,-4.5356950759887695,-5.014946937561035,-2.9429852962493896
67F,-5.813346862792969,-5.915666580200195,-5.2672576904296875,-5.923025131225586,-4.688390731811523,-5.0816192626953125,-5.610542297363281,-5.806076526641846,-3.869129180908203,-5.437819957733154,-5.291767120361328,-5.391946792602539,-3.8304548263549805,0.0,-6.229892253875732,-6.289942264556885,-5.955636978149414,-6.414340019226074,-3.786548137664795,-5.408857345581055
68A,0.0,-5.712985992431641,-5.554754734039307,-5.839284896850586,-4.994091510772705,-5.3161444664001465,-5.428170680999756,-5.4470391273498535,-5.672083854675293,-5.465722560882568,-5.733006954193115,-5.564290523529053,-5.662336826324463,-5.604856014251709,-5.260514259338379,-3.9350292682647705,-4.70925760269165,-5.756766319274902,-5.624889373779297,-5.591528415679932
69R,-3.421346426010132,0.0,-2.6570115089416504,-4.062742233276367,-4.014218330383301,-1.7984585762023926,-2.5401289463043213,-4.7437639236450195,-2.4576175212860107,-4.888011932373047,-2.111114263534546,0.33218860626220703,-3.965980291366577,-2.8616764545440674,-4.8275861740112305,-3.5326335430145264,-4.451717376708984,-3.7420480251312256,-2.47086763381958,-4.687311172485352
70Y,-5.282253265380859,-5.564482688903809,-5.3021464347839355,-5.144409656524658,-4.881170272827148,-5.13014030456543,-4.908964157104492,-5.278871536254883,-4.471024513244629,-5.1886138916015625,-5.182552337646484,-4.968898773193359,-4.190831661224365,0.35132837295532227,-5.210692405700684,-5.286348819732666,-4.209559440612793,-3.520172119140625,0.0,-4.163682460784912
71P,-4.763731002807617,-5.687127113342285,-5.437122821807861,-5.128940582275391,-5.560789108276367,-5.220865249633789,-4.930336952209473,-5.576698303222656,-5.565183639526367,-5.4358062744140625,-5.420378684997559,-5.423763751983643,-5.554801940917969,-5.516772747039795,0.0,-5.200850009918213,-5.672297477722168,-5.744872570037842,-5.499503135681152,-5.678151607513428
72D,-1.0261889696121216,-2.938178539276123,-1.7319451570510864,0.0,-4.027200222015381,-1.8635145425796509,0.47853755950927734,-2.9783740043640137,-3.194274425506592,-3.1773362159729004,-2.8003573417663574,-1.926292061805725,-3.6078882217407227,-3.592205047607422,-1.7968703508377075,-1.6564804315567017,-2.368501663208008,-3.786271095275879,-3.578423023223877,-2.922083854675293
73H,-3.9379515647888184,-5.112490177154541,-2.6912965774536133,-3.8558502197265625,-3.892530918121338,-4.203591823577881,-4.194300174713135,-4.773877143859863,0.0,-4.239444732666016,-4.492362976074219,-4.030054092407227,-5.164912223815918,-3.6641645431518555,-4.250421524047852,-3.1009902954101562,-3.80708646774292,0.5818948745727539,-3.065708637237549,-4.441306114196777
74M,-6.078512191772461,-6.923681259155273,-5.938129425048828,-5.814779758453369,-5.8586530685424805,-3.2360191345214844,-5.612386703491211,-6.28590202331543,-6.543229103088379,-3.9283950328826904,-4.0247087478637695,-6.428083419799805,0.0,-5.909022331237793,-5.782329082489014,-6.263391494750977,-6.224910736083984,-5.978090286254883,-5.872326850891113,-5.8289031982421875
75K,-4.071027755737305,-1.8677695989608765,-5.323168754577637,-6.204347133636475,-5.537956237792969,-3.329441547393799,-4.897127151489258,-5.503824234008789,-4.561173439025879,-4.5113959312438965,-3.686622142791748,0.0,-4.842018127441406,-5.628042221069336,-5.771695137023926,-4.434004783630371,-4.577291965484619,-5.573246002197266,-5.917439937591553,-4.2833685874938965
76Q,-0.5356967449188232,-0.8819377422332764,-0.2749204635620117,-0.18047809600830078,-2.655733585357666,0.0,0.3561289310455322,-1.1612842082977295,-1.4241480827331543,-2.243701934814453,-2.2531752586364746,1.3434882164001465,-2.340512275695801,-2.5598669052124023,-0.7484598159790039,-0.26004648208618164,-1.4255568981170654,-3.1561970710754395,-2.476348876953125,-1.8620357513427734
77H,-4.327494144439697,-4.565702438354492,0.2726931571960449,-2.0890026092529297,-4.018704891204834,-3.75203275680542,-4.809844970703125,-4.777475833892822,0.0,-4.875344753265381,-4.6662774085998535,-4.699881076812744,-4.790134906768799,-2.536649227142334,-4.557255268096924,-3.9516220092773438,-5.13276481628418,-3.1996731758117676,-1.0448604822158813,-4.305946350097656
78D,-5.071521759033203,-6.04040002822876,-3.235896587371826,0.0,-4.922726154327393,-5.494666576385498,-6.378818988800049,-5.960343837738037,-5.782557964324951,-5.4071431159973145,-5.443340301513672,-5.5322089195251465,-5.4918413162231445,-5.473913669586182,-5.678335189819336,-5.268477439880371,-5.914702415466309,-5.397084712982178,-5.530309200286865,-5.78617525100708
79F,-5.705931663513184,-5.696985721588135,-5.529135227203369,-5.842770576477051,-5.675950527191162,-5.261137008666992,-5.499818325042725,-5.545269966125488,-5.447518348693848,-5.6872406005859375,-6.340208530426025,-5.529020309448242,-5.638956546783447,0.0,-5.393086910247803,-5.7611870765686035,-5.237061500549316,-4.5138115882873535,-3.2255189418792725,-5.537671089172363
80F,-5.003881931304932,-5.051652908325195,-4.668395042419434,-4.610640525817871,-4.832380294799805,-4.487905025482178,-3.95426082611084,-4.841363906860352,-4.299264907836914,-5.464954853057861,-5.04996395111084,-4.805222511291504,-4.452712535858154,0.0,-4.807961463928223,-5.0854291915893555,-4.6324639320373535,-3.2703442573547363,-0.20668792724609375,-4.820616722106934
81K,-4.086638450622559,-0.4381936192512512,-4.325709819793701,-4.738706588745117,-4.261600971221924,-1.6070001125335693,-4.831284523010254,-4.996356010437012,-4.010480880737305,-4.996361255645752,-5.581373691558838,0.0,-4.15841007232666,-4.983856201171875,-4.8420233726501465,-4.088871479034424,-3.070275068283081,-4.707087516784668,-5.004235744476318,-5.031611919403076
82S,-3.7869668006896973,-6.004578590393066,-6.320878982543945,-5.721701145172119,-5.681789875030518,-5.375565528869629,-5.679708003997803,-5.553307056427002,-5.779651165008545,-5.111583232879639,-5.306556701660156,-5.516237258911133,-5.370885848999023,-5.494266033172607,-4.959423065185547,0.0,-5.729639530181885,-5.305547714233398,-5.281561851501465,-5.613926410675049
83A,0.0,-4.144059181213379,-4.441450119018555,-4.222513198852539,-0.2737903594970703,-4.007903099060059,-4.2924041748046875,-4.351156234741211,-4.342345237731934,-5.233837127685547,-4.456669807434082,-4.2708282470703125,-4.119987487792969,-4.156922340393066,-4.034904479980469,-1.853248119354248,0.2434682846069336,-3.7777469158172607,-3.6655490398406982,-3.344970464706421
84M,-4.487041473388672,-5.21054744720459,-4.320699214935303,-4.459275245666504,-2.9931769371032715,-1.2470176219940186,-3.9157800674438477,-4.057240009307861,-3.2106313705444336,-4.648467063903809,-0.6647167801856995,-4.1954145431518555,0.0,-2.661221742630005,-4.1947221755981445,-4.2081098556518555,-4.375913143157959,-5.153515338897705,-4.691473960876465,-4.8245697021484375
85P,-5.861976146697998,-5.760074138641357,-5.69288969039917,-5.903204917907715,-5.882718086242676,-5.711257457733154,-5.8227009773254395,-5.693995952606201,-5.790733337402344,-5.474608898162842,-5.600515842437744,-5.641439437866211,-5.751584053039551,-5.646674156188965,0.0,-6.0263190269470215,-5.669085502624512,-5.796666145324707,-5.542457103729248,-5.696536064147949
86E,-1.3633928298950195,-4.769097328186035,-3.2043521404266357,-0.011450052261352539,-4.257341384887695,-2.2562856674194336,0.0,-4.394726753234863,-3.6497323513031006,-4.783576011657715,-4.605055809020996,-2.8011345863342285,-4.5084428787231445,-4.856586456298828,-4.320004463195801,-2.717697858810425,-3.6132266521453857,-4.54872989654541,-4.581851005554199,-4.381496429443359
87G,-5.501884937286377,-5.532308578491211,-5.600285053253174,-5.568408489227295,-5.5885515213012695,-5.511622905731201,-5.567516326904297,0.0,-5.579944133758545,-5.52439022064209,-5.530542850494385,-5.46016263961792,-5.536849021911621,-5.581780433654785,-5.554286003112793,-5.593484401702881,-5.551250457763672,-5.516605854034424,-5.513796806335449,-5.5299601554870605
88Y,-6.220047473907471,-5.70449686050415,-5.782838344573975,-6.183585166931152,-5.787606716156006,-5.638970851898193,-5.339139938354492,-6.485852241516113,-5.170006275177002,-5.862814426422119,-5.333611965179443,-6.693406105041504,-4.656597137451172,-2.780571222305298,-6.638884544372559,-6.213458061218262,-5.243091106414795,-3.9130122661590576,0.0,-5.66871452331543
89V,-4.5873122215271,-4.325918674468994,-4.547739505767822,-5.162171840667725,-4.862654209136963,-4.531032562255859,-4.351174354553223,-4.997731685638428,-4.431951522827148,0.07128524780273438,-5.358599662780762,-3.6755318641662598,-4.76829195022583,-4.451977729797363,-4.923959255218506,-4.632192611694336,-2.5677695274353027,-5.0999932289123535,-4.4803948402404785,0.0
90Q,-3.2090466022491455,-0.21944451332092285,-1.777423620223999,-2.683708906173706,-2.689951181411743,0.0,0.0027446746826171875,-3.9136393070220947,-3.36324143409729,-4.209812164306641,-2.2501213550567627,-1.3987858295440674,-2.2586727142333984,-4.103421211242676,-4.038871765136719,-2.543187141418457,-4.110452651977539,-4.050087928771973,-4.313292503356934,-4.217939376831055
91E,-4.446891784667969,-3.7000439167022705,-3.124506950378418,-3.751554250717163,-5.098755836486816,-2.5908968448638916,0.0,-5.350582122802734,-5.024198532104492,-4.5359368324279785,-5.594322204589844,-2.408397674560547,-5.066617012023926,-5.5645222663879395,-5.333950996398926,-2.7903761863708496,-1.9113006591796875,-5.063457489013672,-4.759640693664551,-4.162707328796387
92R,-0.8159341812133789,0.0,-2.1135878562927246,-2.8184914588928223,-2.870054244995117,1.4140607118606567,0.13034820556640625,-2.9137144088745117,-2.818206787109375,-3.4538912773132324,-3.315671443939209,1.1031028032302856,-0.5047852993011475,-3.4911937713623047,-3.194641590118408,-0.7524652481079102,-1.8883466720581055,-3.288802146911621,-3.3662877082824707,-3.1069726943969727
93T,-4.392487049102783,-4.907262325286865,-3.726280927658081,-3.4550554752349854,-4.906607627868652,-4.1924872398376465,-2.418002128601074,-5.574385166168213,-4.967733860015869,-2.4056308269500732,-5.527210712432861,-3.491781234741211,-5.222029685974121,-5.184783458709717,-5.461024284362793,-3.518778085708618,0.0,-5.242948532104492,-4.841346740722656,-2.041914939880371
94I,-5.864137172698975,-5.75289249420166,-5.8195085525512695,-5.940904140472412,-5.754105091094971,-5.036744117736816,-5.27611780166626,-6.035366058349609,-5.888235569000244,0.0,-5.7121195793151855,-5.1410813331604,-4.5295796394348145,-5.9190874099731445,-5.694546222686768,-5.669598579406738,-4.408734321594238,-5.3888630867004395,-5.68324089050293,-3.7912180423736572
95F,-1.8902606964111328,-0.9817347526550293,2.108689308166504,0.16070127487182617,-1.7934255599975586,0.5702548027038574,0.5467586517333984,-2.153090476989746,1.0975937843322754,-0.0042724609375,1.0380346775054932,0.8493003845214844,-1.5517363548278809,0.0,-2.131466865539551,-0.9586873054504395,-1.4590764045715332,-1.306119441986084,1.061844825744629,-0.9733223915100098
96F,-5.587157249450684,-6.368438720703125,-5.117327690124512,-5.5851335525512695,-5.473633766174316,-5.192709445953369,-5.19883918762207,-5.618295192718506,-3.891693592071533,-5.871901035308838,-6.402040004730225,-5.832218170166016,-5.339627265930176,0.0,-5.544431209564209,-5.865673065185547,-5.737942218780518,-3.5304768085479736,-2.168142080307007,-5.340667247772217
97K,-1.4648762941360474,-1.6235133409500122,-2.6899304389953613,-2.57576847076416,-4.383277893066406,-0.49257349967956543,-0.9040247201919556,-4.0957183837890625,-2.867605686187744,-4.0984601974487305,-2.8305482864379883,0.0,-3.5456185340881348,-3.2875890731811523,-4.321167945861816,-2.5002546310424805,-3.3889012336730957,-4.060081481933594,-2.995149612426758,-3.5836400985717773
98D,-4.545505523681641,-4.864284515380859,-1.2657909393310547,0.0,-5.229491710662842,-4.193110942840576,-2.632056713104248,-2.255730152130127,-4.5494303703308105,-5.1737446784973145,-4.944143295288086,-3.8259215354919434,-5.000539779663086,-5.268550872802734,-5.3064775466918945,-3.7800025939941406,-5.018283843994141,-5.549525260925293,-5.200997352600098,-5.434101581573486
99D,-6.564982891082764,-6.328338146209717,-4.6582536697387695,0.0,-5.81123161315918,-5.2989044189453125,-4.29661226272583,-5.699368953704834,-6.532641410827637,-5.83607292175293,-6.398710250854492,-5.986533164978027,-5.953113079071045,-6.03890323638916,-5.911210060119629,-5.471376419067383,-4.707760810852051,-5.768416404724121,-5.880499362945557,-6.063996315002441
100G,-5.525290489196777,-5.556239604949951,-5.639439105987549,-5.641904830932617,-5.585348129272461,-5.535671710968018,-5.60098123550415,0.0,-5.506300926208496,-5.501465797424316,-5.537242889404297,-5.4681010246276855,-5.569362640380859,-5.526702880859375,-5.572541236877441,-5.642232894897461,-5.556828498840332,-5.489237308502197,-5.467285633087158,-5.551644325256348
101N,-0.6248159408569336,0.6528620719909668,0.0,-0.7067899703979492,0.06936311721801758,2.09818172454834,2.30364990234375,-1.645418643951416,0.3753840923309326,-0.4534034729003906,0.4785313606262207,1.8980329036712646,0.3724663257598877,0.11493849754333496,-1.7451705932617188,1.2006464004516602,-0.1424248218536377,-1.6551284790039062,0.4814889430999756,-0.6444783210754395
102Y,-5.562274932861328,-5.612278461456299,-5.24961519241333,-5.323548793792725,-5.605664253234863,-4.932407379150391,-4.712934970855713,-5.660806179046631,-5.1813178062438965,-5.839326858520508,-3.8052873611450195,-5.026432037353516,-3.7712554931640625,-0.8652739524841309,-5.718162536621094,-5.826767444610596,-5.585078239440918,-4.943345069885254,0.0,-5.472467422485352
103K,-2.6090002059936523,-1.0897172689437866,-0.4726909399032593,-1.9133728742599487,-3.7879157066345215,-0.7748464345932007,-1.0650500059127808,-3.8526978492736816,-1.1310826539993286,-1.9397674798965454,-2.7429308891296387,0.0,-3.296558380126953,-2.496976852416992,-3.960512638092041,-0.9879318475723267,-1.1533530950546265,-3.997439384460449,-2.5404181480407715,-2.09456729888916
104T,-3.1661808490753174,-4.2366461753845215,-4.405059337615967,-4.872463226318359,-3.624690055847168,-3.1190297603607178,-2.4611709117889404,-4.615948677062988,-4.716526031494141,-2.713038921356201,-3.942270278930664,-4.644047737121582,-3.918684959411621,-4.440583229064941,-4.834390640258789,-1.9903736114501953,0.0,-4.693922996520996,-4.459656715393066,-0.7782778143882751
105R,-4.501744270324707,0.0,-3.8568379878997803,-5.053371429443359,-4.3444929122924805,-3.1303870677948,-3.3444998264312744,-4.927665710449219,-2.737692356109619,-3.819359540939331,-3.6978442668914795,0.5512827038764954,-3.941333055496216,-4.148715972900391,-4.875014305114746,-2.9445197582244873,-1.4328601360321045,-4.533285140991211,-3.2326443195343018,-3.238600969314575
106A,0.0,-3.412424087524414,-4.169658184051514,-4.87415075302124,-4.2556257247924805,-4.014605522155762,-4.457901954650879,-1.105320930480957,-4.9014763832092285,-4.85856819152832,-5.090993881225586,-4.154751300811768,-4.394349098205566,-5.163558483123779,-4.448577404022217,-0.31032127141952515,-4.067416191101074,-4.877743244171143,-5.288986682891846,-5.725062370300293
107E,-5.902749061584473,-5.63388729095459,-4.9090728759765625,-3.8737454414367676,-6.031340599060059,-4.325455188751221,0.0,-5.836376190185547,-5.62715482711792,-4.420812606811523,-5.242376804351807,-5.396238327026367,-5.846651554107666,-6.036090850830078,-5.809048652648926,-4.991512298583984,-3.4650745391845703,-5.945100784301758,-5.469415664672852,-3.8952035903930664
108V,-5.702418327331543,-5.476287841796875,-4.8285393714904785,-5.201741695404053,-5.07975435256958,-4.778904438018799,-5.116083145141602,-5.34113883972168,-4.8896684646606445,-0.6349453926086426,-4.99772834777832,-5.093391418457031,-5.243692874908447,-4.926126003265381,-5.470268249511719,-5.600776195526123,-4.156403541564941,-5.007077693939209,-4.917205810546875,0.0
109K,-2.929356098175049,-0.39514803886413574,-3.3373074531555176,-4.072843074798584,-3.37782621383667,-1.7878414392471313,-2.427123546600342,-3.475490093231201,-2.1223325729370117,-3.81404447555542,-0.8431566953659058,0.0,-2.5109047889709473,-2.3672242164611816,-3.923973560333252,-3.319570541381836,-4.246739387512207,-3.6428279876708984,-2.4619460105895996,-4.085515022277832
110F,-5.313133239746094,-4.902437686920166,-5.157003879547119,-5.541775226593018,-5.346153259277344,-4.834317207336426,-5.386106491088867,-5.221582889556885,-5.114338397979736,-5.400717735290527,-4.202789306640625,-4.498507499694824,-2.570432186126709,0.0,-5.4217305183410645,-5.459184646606445,-5.0896172523498535,-5.0059919357299805,-3.508612871170044,-4.963010787963867
111E,-6.198061943054199,-6.7799458503723145,-5.830111503601074,-3.780014991760254,-5.916110992431641,-4.931222915649414,0.0,-6.1370954513549805,-6.012621879577637,-5.5383453369140625,-6.136173248291016,-5.815964698791504,-6.442910194396973,-6.016698360443115,-6.199674606323242,-6.174607276916504,-6.221120357513428,-6.450251579284668,-5.950655460357666,-4.863498210906982
112G,-4.944425106048584,-5.222165584564209,-4.127402305603027,-3.9501874446868896,-5.770784854888916,-4.931743144989014,-4.610897064208984,0.0,-5.509663105010986,-5.4680023193359375,-5.512505531311035,-4.262674808502197,-5.429769515991211,-5.456849575042725,-5.284199237823486,-4.8951239585876465,-5.949629783630371,-5.328688621520996,-5.500245094299316,-5.539519786834717
113D,-2.9387824535369873,-3.8342208862304688,-1.6609914302825928,0.0,-5.15625,-2.984543800354004,-0.9779013991355896,-3.3589344024658203,-4.294456481933594,-4.888526916503906,-4.900823593139648,-1.8982267379760742,-4.661352157592773,-4.8590497970581055,-3.1170427799224854,-2.0312671661376953,-2.9875760078430176,-5.0619893074035645,-4.990593910217285,-4.703166484832764
114T,-5.016768455505371,-3.8946123123168945,-4.908077716827393,-6.424858093261719,-4.044764518737793,-4.7427520751953125,-5.048107624053955,-5.977695941925049,-4.515530109405518,-3.8369994163513184,-5.993227481842041,-2.6430141925811768,-5.689334869384766,-4.943538665771484,-5.8654656410217285,-5.043909549713135,0.0,-5.647815704345703,-4.773179531097412,-2.869577169418335
115L,-4.281231880187988,-4.927095413208008,-4.681609630584717,-5.267467021942139,-3.0077731609344482,-4.339262008666992,-4.683047771453857,-5.037345886230469,-4.90339994430542,-3.659376382827759,0.0,-4.753841876983643,-1.9492478370666504,-4.4323410987854,-4.960923671722412,-5.615562915802002,-4.625685691833496,-4.992378234863281,-4.901659965515137,-1.6691536903381348
116V,-5.589136600494385,-5.698965549468994,-5.738685131072998,-6.2442402839660645,-4.941557884216309,-5.630660533905029,-5.435009479522705,-6.014346599578857,-5.267379283905029,-3.240166664123535,-5.172391414642334,-4.76275634765625,-5.370976448059082,-4.927664756774902,-5.940404891967773,-5.684726238250732,-5.25324010848999,-5.576432704925537,-4.739262580871582,0.0
117N,-2.428283214569092,-0.5170254707336426,0.0,-3.824725389480591,-2.52708101272583,-2.0617315769195557,-3.4742591381073,-4.179666519165039,-1.4611005783081055,-4.827174186706543,-3.831146478652954,0.326387882232666,-3.2369167804718018,-3.8401310443878174,-4.471172332763672,-1.0966291427612305,-3.9298393726348877,-3.2715952396392822,-3.314030885696411,-3.892822504043579
118R,-2.661177396774292,0.0,-2.0386078357696533,-2.4507555961608887,-4.361360549926758,-2.2943718433380127,-1.1451857089996338,-4.040271759033203,-3.28393816947937,-3.5397984981536865,-3.8715460300445557,0.7186859250068665,-4.088676452636719,-4.390190124511719,-4.2622575759887695,-1.6150622367858887,-1.3398323059082031,-4.112736701965332,-3.5005218982696533,-2.626206636428833
119I,-3.7333626747131348,-5.213252544403076,-4.425774097442627,-6.159966945648193,-4.587305545806885,-4.770901679992676,-5.140007972717285,-5.552761077880859,-4.681144714355469,0.0,-5.193609237670898,-5.146825790405273,-5.104933738708496,-5.499882221221924,-5.028985500335693,-4.3337249755859375,-3.2189104557037354,-4.594799995422363,-5.322424411773682,-1.899120807647705
120E,-1.6470057964324951,-1.574141263961792,-0.37279200553894043,-0.29923033714294434,-3.2934725284576416,-0.44216132164001465,0.0,-2.2990543842315674,-1.7305474281311035,-2.534904718399048,-1.6471264362335205,0.05102193355560303,-2.421466588973999,-2.473978281021118,-3.3214809894561768,-0.4798400402069092,-0.909308910369873,-3.0282790660858154,-2.2305004596710205,-2.233020544052124
121L,-5.235054969787598,-5.339108943939209,-5.805570125579834,-5.682264804840088,-4.958091735839844,-5.56220006942749,-5.883176326751709,-6.004849910736084,-6.217329502105713,-5.022195816040039,0.0,-5.318181037902832,-2.8515658378601074,-5.80488920211792,-5.6462907791137695,-5.835170745849609,-5.820944309234619,-5.65693998336792,-6.100079536437988,-4.207962512969971
122K,-4.0118536949157715,-1.7638639211654663,-1.9144543409347534,-2.6806135177612305,-3.518275737762451,-1.5519503355026245,-0.8181782960891724,-4.0158467292785645,-2.318861961364746,-0.21413111686706543,-2.065585136413574,0.0,-3.412752628326416,-3.357909679412842,-4.115015029907227,-2.675323963165283,-0.4491877555847168,-3.847499370574951,-3.0736889839172363,-0.44762110710144043
123G,-5.301300048828125,-5.51475191116333,-5.579497337341309,-5.6103410720825195,-5.552499294281006,-5.503110408782959,-5.582290172576904,0.0,-5.591426372528076,-5.550316333770752,-5.5241827964782715,-5.4705400466918945,-5.490967750549316,-5.537782192230225,-5.5866193771362305,-5.755340576171875,-5.572543144226074,-5.535409450531006,-5.494073867797852,-5.4899091720581055
124I,-0.4028010368347168,-0.7282662391662598,-0.19702911376953125,0.4055302143096924,-0.9723448753356934,0.6830098628997803,2.620408296585083,-1.3373193740844727,-1.3935279846191406,0.0,-0.6902828216552734,0.5463800430297852,-0.9473748207092285,-0.7455849647521973,-1.4748330116271973,1.8420982360839844,3.0717146396636963,-1.667161464691162,-0.657804012298584,0.5405623912811279
125D,-3.3550591468811035,-3.3706412315368652,-0.0627901554107666,0.0,-3.9688429832458496,-2.8147716522216797,-2.476733684539795,-0.21632170677185059,-2.8006997108459473,-4.382943630218506,-4.164309501647949,-2.342853546142578,-4.151010036468506,-4.016595840454102,-4.46587610244751,-2.7218081951141357,-4.274706840515137,-4.291504859924316,-3.924686908721924,-4.474531173706055
126F,-5.519479751586914,-6.112544536590576,-5.366968154907227,-5.730805397033691,-5.659430980682373,-5.23588752746582,-5.313626766204834,-5.189454078674316,-3.9484405517578125,-5.748293876647949,-5.656551837921143,-5.359671115875244,-5.310579299926758,0.0,-5.62452507019043,-5.827157497406006,-5.570483207702637,-5.508054733276367,-4.541343688964844,-5.49282169342041
127K,-3.8933932781219482,-2.3407979011535645,-3.6976685523986816,-4.553953647613525,-5.976773262023926,-3.9627416133880615,-4.824094295501709,-6.158044338226318,-4.1269917488098145,-5.955018997192383,-4.3800482749938965,0.0,-5.631181716918945,-5.257137298583984,-5.402987957000732,-4.2551751136779785,-5.659900188446045,-5.8639655113220215,-5.1293511390686035,-6.013880729675293
128E,-0.9610826969146729,-3.5728681087493896,-2.490633726119995,-0.9776747226715088,-4.652155876159668,-2.29713773727417,0.0,-3.5848090648651123,-4.121199607849121,-3.862069845199585,-3.2830445766448975,-0.9941360950469971,-4.0808305740356445,-4.175235748291016,-0.10464239120483398,-1.358506202697754,-2.706080198287964,-4.343127250671387,-4.223878860473633,-3.6665456295013428
129D,-4.155213356018066,-5.098589897155762,-1.5524026155471802,0.0,-5.318076133728027,-3.920053482055664,-2.0402679443359375,-3.8962454795837402,-4.469480037689209,-5.01666259765625,-4.9638261795043945,-3.5401854515075684,-5.0941362380981445,-4.962557792663574,-5.0784735679626465,-2.461113452911377,-2.2479357719421387,-5.184346675872803,-4.63921594619751,-5.120606422424316
130G,-5.734704494476318,-5.759932994842529,-5.574831962585449,-5.703766345977783,-5.725861072540283,-5.6087846755981445,-5.763787746429443,0.0,-5.767529487609863,-5.598244667053223,-5.724609851837158,-5.667402267456055,-5.588857650756836,-5.575476169586182,-5.630849361419678,-5.118937969207764,-5.716808795928955,-5.615860462188721,-5.514964580535889,-5.654420852661133
131N,1.1759344339370728,-2.9401211738586426,0.0,0.011768817901611328,-0.9747414588928223,-2.2447495460510254,-1.48087739944458,-2.8318233489990234,-2.1041646003723145,-2.958571434020996,-2.7287135124206543,-1.956686019897461,-2.5137033462524414,-2.959256649017334,2.2985024452209473,-0.08104324340820312,-2.257646083831787,-2.4431838989257812,-2.3232669830322266,-1.5631394386291504
132I,-5.801631927490234,-5.54060173034668,-5.404543399810791,-5.338255882263184,-5.668456077575684,-5.404744625091553,-5.446560382843018,-5.317899703979492,-5.492150783538818,0.0,-5.358777046203613,-5.429964542388916,-5.5420966148376465,-5.571145534515381,-5.345129013061523,-5.63137149810791,-5.759671211242676,-5.320693016052246,-5.471738815307617,-1.4507780075073242
133L,-5.681180477142334,-5.830361366271973,-5.9464545249938965,-5.656765937805176,-5.711931228637695,-5.508781909942627,-5.425373077392578,-5.601383209228516,-5.890660285949707,-4.0734333992004395,0.0,-5.320294380187988,-4.562646865844727,-5.8220133781433105,-5.446503639221191,-5.831515312194824,-6.12230920791626,-6.113749027252197,-5.855602264404297,-6.118747711181641
134G,-4.9311909675598145,-5.787681579589844,-5.397401809692383,-5.553650856018066,-5.714544296264648,-5.647783279418945,-5.782598495483398,0.0,-5.880483150482178,-5.54205322265625,-5.492753028869629,-5.56111478805542,-5.603246212005615,-5.6318254470825195,-5.67356538772583,-5.58120059967041,-5.6949462890625,-5.646946430206299,-5.63748025894165,-5.585243225097656
135H,-2.8485302925109863,-0.23255586624145508,-0.8378989696502686,-2.4086384773254395,-2.982210636138916,-0.4010004997253418,-2.245549201965332,-2.7136359214782715,0.0,-2.5604758262634277,-0.649716854095459,1.15871000289917,-1.5597646236419678,-2.7916412353515625,-3.185455799102783,-2.6108317375183105,-3.698470115661621,-3.1340808868408203,-2.072147846221924,-3.2963175773620605
136K,-6.212298393249512,-2.5061190128326416,-3.879082441329956,-5.687093734741211,-6.284102439880371,-4.307229518890381,-5.189552307128906,-6.15623664855957,-3.550708293914795,-6.49220085144043,-4.925148963928223,0.0,-5.729583740234375,-5.570915222167969,-6.247006416320801,-5.638010025024414,-6.4784159660339355,-6.007737159729004,-5.163102149963379,-6.749724388122559
137L,-5.734411716461182,-5.647548675537109,-5.455324649810791,-5.375387191772461,-5.425865173339844,-5.319333553314209,-5.2691755294799805,-5.404486179351807,-5.535662651062012,-3.1258764266967773,0.0,-5.209283351898193,-5.1387834548950195,-5.472826957702637,-5.267002582550049,-5.269663333892822,-5.410099983215332,-5.6261396408081055,-5.304947853088379,-5.303167819976807
138E,-2.7758307456970215,-2.06829833984375,-3.22269344329834,-2.705146312713623,-2.129519462585449,-0.36797070503234863,0.0,-4.399277210235596,-4.531732559204102,-3.3080291748046875,-1.2377594709396362,-0.3237791061401367,-2.107567310333252,-4.458001613616943,-4.22931432723999,-3.2106781005859375,-3.356611728668213,-4.678354263305664,-4.466741561889648,-1.6404575109481812
139Y,-4.048116683959961,-4.2545671463012695,-3.252654552459717,-2.7850260734558105,-4.516951084136963,-3.2747812271118164,-2.9108424186706543,-3.997185707092285,-3.2166829109191895,-4.165809154510498,-3.0779237747192383,-4.220532417297363,-2.9335570335388184,1.4631726741790771,-3.443427085876465,-4.324629783630371,-4.523619174957275,-3.39249324798584,0.0,-4.294071197509766
140N,-2.5289525985717773,-2.253413677215576,0.0,-1.2211581468582153,-1.6297143697738647,-1.460816502571106,-1.2819777727127075,-2.3971714973449707,-3.394817352294922,-3.2208504676818848,-2.947328567504883,-1.0083287954330444,-2.894930839538574,-3.492680072784424,-4.012612342834473,0.19872474670410156,-0.9844692945480347,-4.401872634887695,-3.410837173461914,-3.4001293182373047
141Y,-3.1868844032287598,-4.274602890014648,-3.3467068672180176,-2.9274353981018066,-3.3218517303466797,-3.0991291999816895,-2.8502674102783203,-5.071783542633057,-2.136462688446045,-4.574627876281738,-3.117222785949707,-4.2619829177856445,-2.5262231826782227,-0.6227490901947021,-4.916243553161621,-2.5579280853271484,-4.730679512023926,-2.389651298522949,0.0,-5.168735980987549
142N,-1.9540210962295532,-3.129072666168213,0.0,-0.07371115684509277,-3.1396002769470215,-1.71929132938385,-0.7982856035232544,0.4198124408721924,-2.414041519165039,-3.608407497406006,-3.4690332412719727,-3.0444531440734863,-3.0460739135742188,-3.59298038482666,-3.6082444190979004,-0.7273696660995483,-1.9640356302261353,-3.389591693878174,-3.713350772857666,-4.043732166290283
143H,2.005779981613159,-0.34601688385009766,1.7988719940185547,2.4155476093292236,-0.5872712135314941,1.0102136135101318,2.190964698791504,0.5545468330383301,0.0,-0.9846858978271484,-1.558659553527832,0.5050854682922363,-0.7193546295166016,-1.0479793548583984,-0.23835229873657227,3.7119224071502686,0.23466873168945312,-1.1608729362487793,-1.0070605278015137,-1.4078545570373535
144H,-2.2620511054992676,-3.8925087451934814,-0.9023065567016602,-2.348270893096924,-3.5533392429351807,-2.677873134613037,-1.8554916381835938,-3.041215181350708,0.0,-4.022902488708496,-3.966840982437134,-4.718079566955566,-3.5820186138153076,-1.7793195247650146,-4.478310585021973,-0.9441871643066406,-2.153707504272461,-3.4216115474700928,-2.020620107650757,-3.5699007511138916
145K,-3.5460290908813477,-1.0479487180709839,-0.7523125410079956,-1.281760573387146,-2.9411916732788086,-1.624790072441101,-1.4581865072250366,-3.7795262336730957,-2.6559572219848633,-0.20238101482391357,-1.5597065687179565,0.0,-2.7529830932617188,-2.6722412109375,-3.612220287322998,-2.1963911056518555,1.0012857913970947,-3.6931815147399902,-2.6898365020751953,-0.7151745557785034
146V,-4.3932342529296875,-3.3722610473632812,-3.864436626434326,-4.13226318359375,-4.11103630065918,-2.607144832611084,-2.2311599254608154,-4.877025604248047,-3.4934511184692383,0.09674930572509766,-4.424446105957031,-3.582789421081543,-2.9785706996917725,-4.141488075256348,-4.404977798461914,-4.53782320022583,-3.7154626846313477,-3.428164482116699,-3.254331588745117,0.0
147Y,-2.7213635444641113,-2.430586338043213,0.9978484511375427,-1.706613302230835,-3.359524726867676,-1.9343070983886719,-1.7674596309661865,-2.7892560958862305,-0.6077923774719238,-3.257030963897705,-2.337510585784912,-1.903505802154541,-2.1239471435546875,0.0652775764465332,-3.5611462593078613,-2.4518065452575684,-3.4168272018432617,-2.096555709838867,0.0,-3.329130172729492
148I,-5.965582847595215,-5.924059867858887,-5.6173577308654785,-5.906973361968994,-5.695940017700195,-5.415999889373779,-5.481010437011719,-5.820309638977051,-5.074748992919922,0.0,-5.318728446960449,-5.66536808013916,-5.471202850341797,-5.73632287979126,-5.720219612121582,-5.828660011291504,-5.815041542053223,-5.69924259185791,-5.561625003814697,-2.68537974357605
149T,0.4515504837036133,-0.011565208435058594,-1.792715072631836,-1.9280691146850586,-2.2882752418518066,0.7357711791992188,0.9314422607421875,-1.3145780563354492,-1.2128190994262695,-2.5795540809631348,-2.780128002166748,1.3125828504562378,-1.2614455223083496,-2.4301939010620117,-2.603898525238037,1.2244454622268677,0.0,-2.3524575233459473,-2.1293230056762695,-2.1672210693359375
150A,0.0,-0.016117334365844727,-1.8230977058410645,-2.3656368255615234,-2.637336254119873,0.35777783393859863,-0.2825610637664795,-3.0134949684143066,-2.7255029678344727,-3.5066914558410645,-2.6168832778930664,1.7336061000823975,-2.577056407928467,-3.227912425994873,-1.097733736038208,-0.3823063373565674,-2.646498203277588,-3.2522549629211426,-3.1163439750671387,-2.4469494819641113
151D,-5.2201972007751465,-6.211050987243652,-3.829679012298584,0.0,-5.331474781036377,-5.37106990814209,-3.2896249294281006,-6.475189685821533,-5.423218727111816,-6.4146409034729,-5.48688268661499,-5.129953384399414,-5.9344658851623535,-6.0152506828308105,-6.349645614624023,-5.404458522796631,-6.586648464202881,-6.118861675262451,-5.445313453674316,-6.4152116775512695
152K,-0.7504457235336304,-2.2206053733825684,-3.2903757095336914,-3.5385708808898926,-4.185670375823975,-2.565497875213623,-1.2471290826797485,-3.6413211822509766,-3.701712131500244,-3.3076601028442383,-3.55814790725708,0.0,-3.8352880477905273,-4.104318618774414,0.7438995838165283,-1.9355968236923218,-2.1874771118164062,-4.295352935791016,-3.5589070320129395,-2.9864354133605957
153Q,1.1205310821533203,-1.87398099899292,0.3524150848388672,2.3865461349487305,-2.15496826171875,0.0,2.9441370964050293,-0.5214095115661621,-1.4016003608703613,-1.6930084228515625,-1.5311179161071777,-0.017847061157226562,-1.9126696586608887,-1.5591073036193848,-1.0914993286132812,0.6883635520935059,0.07142782211303711,-1.7570457458496094,-1.4183154106140137,-1.0659165382385254
154K,-2.0224339962005615,-1.9807589054107666,-0.24451065063476562,-3.1395976543426514,-4.889362335205078,-2.3688809871673584,-2.3730523586273193,-4.397475242614746,-2.0670225620269775,-3.6407458782196045,-2.7527966499328613,0.0,-3.878532648086548,-3.9486939907073975,-4.649209976196289,-2.097386360168457,-2.718874216079712,-4.965075492858887,-3.977381944656372,-3.778674840927124
155N,-3.0339584350585938,0.10496377944946289,0.0,-2.7241477966308594,-3.598240375518799,-1.4273967742919922,-2.7782645225524902,-2.576261043548584,-1.690732717514038,-3.5078606605529785,-3.4077320098876953,1.3965153694152832,-3.174294948577881,-3.9234838485717773,-3.702772617340088,-2.3668785095214844,-3.681123733520508,-3.7804808616638184,-3.343505382537842,-3.7363333702087402
156G,-5.3599395751953125,-5.5423264503479,-5.677413463592529,-5.624594211578369,-5.5907816886901855,-5.496621131896973,-5.546346664428711,0.0,-5.60757303237915,-5.520015239715576,-5.5465850830078125,-5.464998245239258,-5.542380332946777,-5.555055618286133,-5.548790454864502,-5.452737331390381,-5.6373186111450195,-5.538533687591553,-5.501798152923584,-5.5447163581848145
157I,-5.762055397033691,-5.951363563537598,-4.973957061767578,-5.383533477783203,-5.372260093688965,-5.149801254272461,-5.01204252243042,-5.896073818206787,-5.457230567932129,0.0,-5.516244888305664,-5.944984436035156,-5.362782955169678,-5.283519744873047,-5.650189399719238,-5.466982364654541,-4.171217441558838,-5.4553542137146,-5.469710826873779,-1.6404438018798828
158K,-3.0481314659118652,-1.5586557388305664,-1.508493423461914,-2.591398000717163,-4.661072731018066,-2.5611817836761475,-2.6418967247009277,-4.5963544845581055,-3.34682559967041,-3.1839280128479004,-2.879847288131714,0.0,-4.130663871765137,-4.1574788093566895,-4.828044891357422,-2.6130011081695557,-2.4896090030670166,-4.724603652954102,-3.9315185546875,-3.3331751823425293
159V,-3.5641350746154785,-3.0629680156707764,-4.136582374572754,-5.4983229637146,-3.5293402671813965,-2.83870005607605,-3.297192096710205,-4.330698013305664,-5.828149795532227,-2.118212938308716,-3.9146728515625,-4.191462516784668,-3.95523738861084,-5.026318550109863,-5.2562713623046875,-3.2660112380981445,-2.1031851768493652,-5.170942306518555,-5.029675483703613,0.0
160N,-0.6510365009307861,-0.13640117645263672,0.0,-1.4509289264678955,-1.8842129707336426,-0.6962485313415527,-0.6917078495025635,-2.422152519226074,-1.3753352165222168,-2.021389961242676,-2.773728370666504,0.6027190685272217,-2.0014047622680664,-1.2057828903198242,-3.0291748046875,0.5388054847717285,0.4385617971420288,-0.857874870300293,-0.6490001678466797,-1.5863468647003174
161F,-4.900857448577881,-4.882289886474609,-4.230709552764893,-4.519381046295166,-4.722568511962891,-4.168586730957031,-3.8663806915283203,-4.682366847991943,-2.4551920890808105,-4.932251930236816,-4.287613391876221,-4.812073230743408,-3.9403610229492188,0.0,-4.896510124206543,-4.045092582702637,-4.333579063415527,-3.920718193054199,0.04405546188354492,-4.908084869384766
162K,-1.326754093170166,1.7691152095794678,0.26972532272338867,-1.7214460372924805,0.13507556915283203,1.0864017009735107,0.34658336639404297,-1.2115039825439453,-1.0417532920837402,-0.5421323776245117,-1.015693187713623,0.0,-0.34442949295043945,-0.8901596069335938,-1.2862539291381836,0.2735562324523926,4.076015472412109,-1.4010510444641113,-1.2871642112731934,0.24389886856079102
163T,-3.1867828369140625,-5.554384708404541,-4.533151149749756,-3.322866439819336,-3.194828987121582,-4.301032543182373,-3.369617462158203,-5.568515777587891,-5.413028717041016,-5.868279457092285,-5.821824073791504,-5.425091743469238,-5.687352180480957,-5.874464988708496,-6.01619815826416,-2.459221363067627,0.0,-5.806122779846191,-5.819155693054199,-3.163954734802246
164R,-0.4555246829986572,0.0,0.27174925804138184,-0.3616609573364258,-1.449375867843628,0.193526029586792,1.2272961139678955,-1.5908524990081787,0.7204029560089111,-1.9580929279327393,-0.5808546543121338,0.5061435699462891,-1.258249044418335,0.6607522964477539,-2.592839002609253,0.010837316513061523,0.07782173156738281,-1.2358100414276123,1.449997067451477,-2.006261110305786
165H,-2.764904737472534,-2.904390573501587,-1.4783880710601807,-2.4449684619903564,-2.637558698654175,-2.220649003982544,-2.555560827255249,-2.5338566303253174,0.0,-2.1422278881073,1.896632432937622,-2.733070135116577,-1.5058948993682861,-0.1794908046722412,-2.690124273300171,-2.2942025661468506,-2.8356540203094482,-2.3252146244049072,1.5891427993774414,-3.0730955600738525
166N,-2.2887558937072754,-1.582266926765442,0.0,-1.5380607843399048,-4.171389102935791,-2.7130141258239746,-2.664156913757324,-3.9611973762512207,-2.8291001319885254,-4.36545467376709,-2.0858330726623535,-1.1982136964797974,-2.59104585647583,-3.6311187744140625,-1.5016533136367798,-1.8207060098648071,-4.046916484832764,-3.675271511077881,-3.688809394836426,-4.624366760253906
167I,-1.7766790390014648,-0.14483261108398438,-0.548741340637207,-1.122443675994873,0.4495422840118408,-0.4858279228210449,-0.8485703468322754,-1.3443975448608398,-1.4018096923828125,0.0,-1.156721591949463,-0.998772144317627,-1.1101078987121582,-1.184034824371338,-1.6825518608093262,-2.167717933654785,-0.9858407974243164,-1.4378695487976074,-1.1983027458190918,4.163264274597168
168E,-1.088134527206421,0.15937209129333496,-0.5016002655029297,-2.285719156265259,-1.8959119319915771,0.16700363159179688,0.0,-2.238046407699585,-1.6212103366851807,-0.03513169288635254,-0.5011050701141357,2.6715314388275146,-1.56430983543396,-1.7322795391082764,-2.6102001667022705,-0.7377045154571533,0.2133009433746338,-2.4261324405670166,-1.7436854839324951,0.16732382774353027
169D,-6.055699825286865,-5.742129325866699,-2.613128900527954,0.0,-5.635319709777832,-5.378652095794678,-4.994507312774658,-5.51133394241333,-5.981159687042236,-5.536048412322998,-5.529177188873291,-5.239274501800537,-5.738036632537842,-5.542454242706299,-5.599715232849121,-5.361936569213867,-5.6115498542785645,-5.701781749725342,-5.569693088531494,-5.825664520263672
170G,-5.389516830444336,-5.402767181396484,-5.090910911560059,-5.232287406921387,-5.519259452819824,-5.4295854568481445,-5.4808502197265625,0.0,-5.52290153503418,-5.38227653503418,-5.555571556091309,-5.049105167388916,-5.51755428314209,-5.453736782073975,-5.516546726226807,-5.207795143127441,-5.429477214813232,-5.4550275802612305,-5.395287036895752,-5.458655834197998
171S,-4.398789882659912,-3.790167808532715,-2.964597225189209,-4.147478103637695,-5.096107006072998,-4.5861639976501465,-4.384950637817383,-3.8918075561523438,-4.783084392547607,-5.051133155822754,-4.889519691467285,-3.278210401535034,-5.026692867279053,-5.0841064453125,-5.00280237197876,0.0,-1.011979341506958,-5.153008460998535,-4.9754767417907715,-5.42767333984375
172V,-4.11168098449707,-3.6418416500091553,-3.20843768119812,-3.7951486110687256,-3.3306281566619873,-1.6455209255218506,-0.8411304950714111,-4.23542594909668,-3.6062514781951904,0.18747448921203613,-2.166555166244507,-2.3927693367004395,-3.0493552684783936,-3.5112287998199463,-4.20595645904541,-3.212178945541382,-0.6844079494476318,-4.26347541809082,-3.2020275592803955,0.0
173Q,-3.1194992065429688,-3.215817928314209,-3.3779916763305664,-4.150895118713379,-2.029691696166992,0.0,-3.1245803833007812,-4.1913652420043945,-4.24578857421875,-5.436677932739258,0.008645296096801758,-2.6574501991271973,-2.978236198425293,-4.988431930541992,-4.054439067840576,-3.403615951538086,-2.471522808074951,-4.52849006652832,-4.700518608093262,-4.274723052978516
174L,-3.457725763320923,-3.46416974067688,-2.7833950519561768,-2.211397409439087,-3.600952386856079,-2.2304699420928955,-0.785412073135376,-3.1087334156036377,-2.349346876144409,1.2286386489868164,0.0,-2.6667635440826416,-2.26495099067688,-0.5063011646270752,-3.4855425357818604,-2.905656099319458,-1.5297932624816895,-2.6295621395111084,-0.07330083847045898,-0.9097890853881836
175A,0.0,-5.384366035461426,-5.3020429611206055,-4.746114730834961,-5.156813144683838,-4.541092872619629,-4.472715377807617,-4.621654987335205,-5.580613613128662,-5.46987771987915,-5.254307746887207,-5.558371543884277,-5.329813003540039,-5.531060695648193,-5.0971598625183105,-1.525818109512329,-4.829543590545654,-5.370343208312988,-5.574692726135254,-5.614958763122559
176D,-2.7204623222351074,-4.073944568634033,-1.6549451351165771,0.0,-4.7029829025268555,-2.753077745437622,-0.9637615084648132,-4.290434837341309,-2.947371006011963,-4.34035587310791,-4.168849945068359,-3.2179808616638184,-4.322829723358154,-2.747068166732788,-4.7628889083862305,-2.0329527854919434,-3.7891836166381836,-3.8151912689208984,-2.2579236030578613,-4.575461387634277
177H,-4.465113639831543,-4.309009552001953,-1.2853758335113525,-4.145210266113281,-2.767446756362915,-3.546649694442749,-3.2806589603424072,-5.000784873962402,0.0,-2.074110507965088,-3.418464422225952,-4.47678279876709,-4.359468460083008,-2.9899978637695312,-4.9943132400512695,-4.318591117858887,-4.927213668823242,-2.6672799587249756,-2.055612564086914,-1.2563185691833496
178Y,-2.411473512649536,-1.7747056484222412,-0.6104178428649902,-0.78263258934021,-2.838791608810425,-0.308211088180542,0.3403046131134033,-3.107063055038452,-1.0862469673156738,-0.7055411338806152,0.0732572078704834,-0.5024905204772949,-1.9016830921173096,-0.45780062675476074,-3.254896402359009,-1.688464879989624,-1.9497883319854736,-2.218946695327759,0.0,-0.7654283046722412
179Q,-3.462756395339966,-3.506014108657837,-3.872107744216919,-4.79076623916626,-3.970494031906128,0.0,-0.5238322615623474,-2.5095486640930176,-5.279789447784424,-4.679969787597656,-4.8667521476745605,-4.040204048156738,-3.1137874126434326,-5.452949523925781,-4.6895904541015625,-3.420036554336548,-4.211309432983398,-4.6648054122924805,-5.53083610534668,-4.786977767944336
180Q,-2.502145767211914,-0.8588218688964844,-1.5654726028442383,-1.81660795211792,-2.3664298057556152,0.0,1.2150402069091797,-2.9417781829833984,-2.072661876678467,0.2150113582611084,-1.053164005279541,-0.7252655029296875,-1.792921543121338,-2.6750597953796387,-2.937729835510254,-0.22777771949768066,2.058351755142212,-2.0626187324523926,-2.2661256790161133,0.6245529651641846
181N,-2.312708854675293,-2.8504018783569336,0.0,-1.6002559661865234,-0.23193979263305664,-1.7682418823242188,-1.9309234619140625,-3.646198272705078,-4.494566440582275,-1.9718084335327148,-2.111224889755249,-2.985152244567871,-3.2392654418945312,-4.361606597900391,-3.943391799926758,-1.9896841049194336,-2.708043098449707,-4.379033088684082,-4.027529716491699,0.2527742385864258
182T,-4.32054328918457,-2.335859537124634,-3.793184995651245,-4.748527526855469,-4.165217399597168,-2.7274422645568848,-2.784520149230957,-4.76165771484375,-4.092584609985352,-0.8164093494415283,-3.3811562061309814,-2.3582026958465576,-4.0689544677734375,-4.3352203369140625,-4.680671691894531,-3.407381772994995,0.0,-4.740150451660156,-3.408588171005249,-0.20937681198120117
183P,-5.043637275695801,-5.044993877410889,-5.576700210571289,-5.861417293548584,-5.775986194610596,-5.311611652374268,-5.9705424308776855,-5.700291156768799,-5.44961404800415,-5.674447536468506,-5.500730514526367,-4.4197211265563965,-5.784910678863525,-5.78224515914917,0.0,-5.58937931060791,-5.5645341873168945,-5.485284805297852,-5.835169792175293,-5.71436071395874
184I,-4.3936686515808105,-3.91300630569458,-4.565741062164307,-4.214391231536865,-4.6797614097595215,-3.6992855072021484,-4.281137943267822,-4.195750713348389,-4.548891544342041,0.0,0.23309063911437988,-3.7552685737609863,-2.6803057193756104,-4.4395833015441895,-4.145528316497803,-4.36751127243042,-4.7109551429748535,-4.288188457489014,-3.9995484352111816,-4.818827152252197
185G,-5.544134616851807,-5.553823471069336,-5.50232458114624,-5.499216556549072,-5.627899646759033,-5.623802185058594,-5.713993549346924,0.0,-5.528995513916016,-5.512643814086914,-5.493139743804932,-5.477226734161377,-5.523691654205322,-5.499406814575195,-5.493678569793701,-5.323886871337891,-5.500168323516846,-5.5144572257995605,-5.506008625030518,-5.427253723144531
186D,-1.1934188604354858,-2.5715856552124023,-0.7905980348587036,0.0,-3.722243309020996,-1.4289027452468872,-0.7011243104934692,-2.2157950401306152,-3.371671676635742,-3.4930763244628906,-3.044588088989258,-0.0940558910369873,-3.4342870712280273,-3.561753273010254,-1.278408169746399,0.14955079555511475,-0.6881371736526489,-3.762110710144043,-3.7112326622009277,-3.103285789489746
187G,-4.076040267944336,-4.583650588989258,-3.668705463409424,-4.532174587249756,-5.454167366027832,-3.7073311805725098,-3.704537868499756,0.0,-4.269382476806641,-6.005222320556641,-5.446100234985352,-3.178098678588867,-5.515205383300781,-5.526463985443115,-5.581208229064941,-4.362324237823486,-4.879726409912109,-5.8838911056518555,-4.910355091094971,-5.419737815856934
188P,-2.616511583328247,-4.046950340270996,-3.24930739402771,-2.24996280670166,-5.19454288482666,-3.249744176864624,-1.9022061824798584,-4.243414878845215,-4.590383529663086,-4.658924102783203,-4.526495933532715,-1.9650352001190186,-4.553595542907715,-4.726152420043945,0.0,-2.79007625579834,-3.384413719177246,-5.107328414916992,-4.705815315246582,-4.344770431518555
189V,-5.9397993087768555,-5.188851833343506,-6.133510112762451,-6.022060394287109,-5.632745742797852,-5.452550888061523,-5.629335880279541,-5.785225868225098,-5.599505424499512,-4.628275394439697,-6.054109573364258,-5.328990459442139,-5.865591049194336,-5.6658830642700195,-5.633245468139648,-5.991335391998291,-4.386816501617432,-5.901054859161377,-5.739356517791748,0.0
190L,-2.83017635345459,-3.8008079528808594,-1.8683630228042603,-2.708742141723633,-2.988633155822754,-1.5241373777389526,-2.267547130584717,-4.944670677185059,-2.79196834564209,-3.9016847610473633,0.0,-2.630845069885254,-2.859339714050293,-2.7744522094726562,-4.631412982940674,-3.70468807220459,-5.136673450469971,-3.9872207641601562,-3.136603355407715,-5.220239639282227
191L,-5.8378496170043945,-5.688157081604004,-5.415596008300781,-5.747445106506348,-5.54483699798584,-4.761849880218506,-5.361350059509277,-5.553605556488037,-5.791624546051025,-3.8775975704193115,0.0,-5.498200416564941,-4.878741264343262,-6.3994269371032715,-5.508441925048828,-5.61061429977417,-5.450194835662842,-5.499801158905029,-5.63603401184082,-5.236633777618408
192P,-6.004906177520752,-5.8007941246032715,-5.377181053161621,-5.706613540649414,-5.160634517669678,-5.385565280914307,-5.598302841186523,-5.205002784729004,-5.68835973739624,-5.546638488769531,-5.833921432495117,-5.884796619415283,-5.708697319030762,-5.674808979034424,0.0,-5.316148281097412,-5.3753509521484375,-5.5707316398620605,-5.519777774810791,-5.9461846351623535
193D,-0.7803741693496704,-2.3778738975524902,-2.1217198371887207,0.0,-3.9138693809509277,-0.6889568567276001,0.6152126789093018,-3.855151653289795,-3.539292335510254,-3.9160280227661133,-2.960282325744629,-0.2053852081298828,-3.5580334663391113,-3.8352603912353516,-3.9545845985412598,-1.5110379457473755,-2.456399440765381,-4.023380279541016,-3.669917583465576,-3.567758083343506
194N,-0.031885623931884766,-0.2443675994873047,0.0,-0.06683158874511719,-2.328958511352539,-0.5355172157287598,0.8407726287841797,-2.0755796432495117,-1.136878252029419,-1.1147568225860596,-1.644296646118164,1.230713129043579,-2.2133493423461914,-1.1279964447021484,1.0879913568496704,-0.15382790565490723,-0.16873788833618164,-2.1155996322631836,-0.9361181259155273,-0.5446529388427734
195H,-4.5338335037231445,-4.550782203674316,-3.881035804748535,-5.392035961151123,-4.243827819824219,-3.2392959594726562,-5.0034637451171875,-5.107264518737793,0.0,-4.714417934417725,-2.380847930908203,-4.73049259185791,-4.294735908508301,-5.20323371887207,-5.310663223266602,-4.4887614250183105,-4.865452289581299,-5.018559455871582,-4.9700775146484375,-5.273683071136475
196Y,-5.0070319175720215,-4.743484973907471,-4.744984149932861,-4.792941570281982,-3.7256054878234863,-4.318798542022705,-3.467925548553467,-5.200899124145508,-2.482712745666504,-5.123353004455566,-4.003964424133301,-4.997735023498535,-3.685612678527832,0.06353187561035156,-5.261590957641602,-4.6520891189575195,-4.451999187469482,-3.7113475799560547,0.0,-4.918032646179199
197L,-5.592222690582275,-5.6072998046875,-4.938100814819336,-5.173771858215332,-5.254374980926514,-4.54342794418335,-4.655254364013672,-5.521728992462158,-4.5986456871032715,-4.75103759765625,0.0,-5.059290885925293,-4.016766548156738,-4.396425247192383,-5.524537086486816,-5.223223686218262,-5.607686996459961,-5.517059803009033,-4.317286968231201,-5.538557529449463
198H,-0.7466168403625488,0.03189373016357422,0.9243021011352539,0.06695795059204102,-1.400843620300293,0.6135289669036865,2.1345086097717285,-1.5911993980407715,0.0,1.4676527976989746,1.6872081756591797,0.7352592945098877,-0.4717402458190918,0.06842541694641113,-1.8073220252990723,-0.2674989700317383,-0.1795816421508789,-1.1435461044311523,0.4102489948272705,0.7292170524597168
199T,-2.3802318572998047,0.9476337432861328,-1.7822461128234863,-3.300037384033203,-1.6801981925964355,-0.12044668197631836,-1.1594061851501465,-2.4597930908203125,-1.6720142364501953,-0.18212246894836426,-0.8763580322265625,0.07635259628295898,-0.8084654808044434,-1.5803966522216797,-2.9338769912719727,-1.3588085174560547,0.0,-0.9787356853485107,-1.5998296737670898,1.7569406032562256
200H,1.686142921447754,1.0129823684692383,0.5870051383972168,0.9192781448364258,-0.16498374938964844,1.29612398147583,2.0655291080474854,-0.6273374557495117,0.0,1.6767628192901611,0.6707501411437988,1.8244843482971191,0.2587876319885254,0.03014087677001953,-1.0960559844970703,1.9025781154632568,1.2363440990447998,-0.39610958099365234,0.28217029571533203,1.3252019882202148
201S,0.8806490898132324,-2.706231117248535,-3.6370320320129395,-4.313536643981934,-2.8548707962036133,-3.691340446472168,-3.957426071166992,-3.5969109535217285,-3.5445027351379395,-4.52285099029541,-3.887455940246582,-3.183814525604248,-3.7509384155273438,-4.519777297973633,-0.853817343711853,0.0,-3.1198668479919434,-4.66631555557251,-4.361552715301514,-4.002392292022705
202K,-1.8094158172607422,-0.8892338275909424,-0.755009651184082,-1.4602208137512207,-2.02830171585083,-0.19119787216186523,0.12113499641418457,-2.52376651763916,-0.17517662048339844,1.073354959487915,-0.19011282920837402,0.0,-1.453526496887207,0.43747949600219727,-2.854747772216797,-0.4343276023864746,0.40126800537109375,-1.6527948379516602,0.5513777732849121,0.06868433952331543
203L,-5.899412155151367,-5.890500068664551,-5.8304877281188965,-5.685418605804443,-5.709965705871582,-5.837395668029785,-5.594086647033691,-5.81870698928833,-5.838756561279297,-4.4911394119262695,0.0,-5.6674113273620605,-5.234678745269775,-6.07516622543335,-5.64983606338501,-5.778255462646484,-5.8552093505859375,-5.950048446655273,-5.796595573425293,-5.3371405601501465
204S,-2.5528812408447266,-3.3535661697387695,-3.2684788703918457,-2.329714775085449,-3.9437923431396484,-4.139917373657227,-3.2364230155944824,-1.5456304550170898,-4.124419212341309,-4.3334479331970215,-3.3760886192321777,-3.7758030891418457,-2.6814379692077637,-2.0735228061676025,-4.68986701965332,0.0,-1.5780043601989746,-3.61830472946167,-2.055013656616211,-4.465401649475098
205K,-4.430603981018066,-0.31441617012023926,-2.6883461475372314,-2.882108688354492,-4.456303596496582,-2.533569097518921,-2.4845099449157715,-4.374858856201172,-1.9522349834442139,-3.5086472034454346,-1.5633857250213623,0.0,-3.8123738765716553,-2.6144535541534424,-4.568574905395508,-3.336855173110962,-2.685420036315918,-4.246057510375977,-2.405222177505493,-2.764653444290161
206D,-5.749421119689941,-6.285619735717773,-3.8933894634246826,0.0,-5.543200969696045,-6.0643229484558105,-4.689372539520264,-6.036020278930664,-5.395029544830322,-5.98324728012085,-5.6019744873046875,-5.80748176574707,-6.002564907073975,-6.059762954711914,-6.020010471343994,-5.1703877449035645,-6.533548355102539,-6.081883430480957,-5.881307125091553,-6.286550998687744
207P,-2.7807090282440186,-2.988452911376953,-3.542933225631714,-3.2865660190582275,-4.601998329162598,-2.8327977657318115,-1.5639030933380127,-4.4357709884643555,-4.245739936828613,-3.0333237648010254,-3.3700902462005615,-1.434474229812622,-4.269172191619873,-4.2245259284973145,0.0,-2.7878365516662598,-3.376610040664673,-4.932878494262695,-4.443889141082764,-2.7067556381225586
208N,-1.9330143928527832,-2.0647377967834473,0.0,-1.5314629077911377,-3.4172446727752686,-1.708890676498413,-0.9717996120452881,-2.991793394088745,-1.8559129238128662,-3.761151075363159,-1.773874282836914,-0.9537250995635986,-2.864225149154663,-1.889796495437622,-4.160801887512207,-1.3360700607299805,-1.9068078994750977,-3.2757012844085693,-1.8629486560821533,-3.657520055770874
209E,-4.509020805358887,-5.9426469802856445,-4.124176025390625,-0.7845187187194824,-2.922421455383301,-4.300287246704102,0.0,-4.77919864654541,-5.284262657165527,-5.390100479125977,-5.7155938148498535,-5.24397087097168,-5.574120998382568,-5.184030055999756,-5.462682723999023,-4.560325622558594,-3.6141319274902344,-5.596841812133789,-5.497471809387207,-5.306883811950684
210K,-1.9199408292770386,-1.7409762144088745,-1.7239018678665161,-1.73320472240448,-3.5038084983825684,-1.5300039052963257,-0.7911628484725952,-2.8900465965270996,-2.7907581329345703,-2.197984218597412,-2.2110891342163086,0.0,-3.1142873764038086,-3.1046433448791504,-1.4110175371170044,-0.7114285230636597,-0.6027151346206665,-3.8907222747802734,-3.248322010040283,-1.7899621725082397
211R,0.05913734436035156,0.0,0.502913236618042,-0.8950910568237305,-2.3809309005737305,0.00486302375793457,-0.37158751487731934,-2.7058544158935547,-1.4862160682678223,-3.169696807861328,-2.1140995025634766,0.7036570310592651,-2.463099956512451,-2.1180334091186523,-3.0640602111816406,-0.5529685020446777,-2.042794704437256,-2.9591236114501953,-2.373185157775879,-3.143604278564453
212D,-6.082077503204346,-6.15974235534668,-4.988711833953857,0.0,-5.452773094177246,-5.864627838134766,-4.332688331604004,-6.050888538360596,-5.504310131072998,-5.848534107208252,-6.057979583740234,-5.732468128204346,-5.847497463226318,-5.91420316696167,-5.281813621520996,-5.4387922286987305,-6.413957595825195,-5.952642440795898,-5.673880577087402,-5.939960479736328
213H,-3.4410083293914795,-5.309720516204834,-3.1632726192474365,-4.573791980743408,-3.609304189682007,-1.2047677040100098,-3.742431402206421,-4.432473182678223,0.0,-4.353332996368408,-4.561367511749268,-4.922750473022461,-4.158417224884033,-3.782850980758667,-4.567538261413574,-1.6193504333496094,-3.986833333969116,-4.450015544891357,-4.153434753417969,-4.5288405418396
214M,-4.187359809875488,-3.282015800476074,-3.8102283477783203,-4.006551742553711,-2.3958187103271484,-3.181239604949951,-3.6988630294799805,-4.433148384094238,-4.496653079986572,-4.127365589141846,0.7317151427268982,-3.7693910598754883,0.0,-4.566025257110596,-4.083078384399414,-4.314113140106201,-4.582551956176758,-4.279021739959717,-4.083122730255127,-3.8118090629577637
215V,-3.038177967071533,-1.3551418781280518,1.1348156929016113,0.3069875240325928,0.028046369552612305,-1.2094793319702148,0.43271660804748535,-3.250316619873047,-2.1923885345458984,-2.128434658050537,-2.2147130966186523,-0.8383035659790039,-2.3579306602478027,-3.318057060241699,-3.376645565032959,-1.9941058158874512,-2.1874804496765137,-3.1707839965820312,-2.943349838256836,0.0
216L,-5.551006317138672,-3.6503067016601562,-5.249496936798096,-5.378170013427734,-5.068140983581543,-4.538401126861572,-5.065507411956787,-5.382382869720459,-5.896088600158691,-4.770033836364746,0.0,-4.177901744842529,-3.7074241638183594,-5.547738075256348,-5.3777923583984375,-4.860578536987305,-5.473769664764404,-4.862585067749023,-5.668945789337158,-4.4019060134887695
217L,-1.5364222526550293,-0.13129568099975586,0.011850357055664062,0.613344669342041,-1.2073025703430176,1.423011302947998,4.303992748260498,-1.38045072555542,-0.5820765495300293,0.34607744216918945,0.0,0.4804725646972656,-0.6684889793395996,-1.3179030418395996,-1.2062697410583496,-0.06489372253417969,2.127622127532959,-1.555112361907959,-0.7571845054626465,1.1131651401519775
218E,-1.1767919063568115,0.33657586574554443,-2.187223196029663,-2.4652678966522217,-2.733146905899048,1.0015760660171509,0.0,-2.250718832015991,-2.607808828353882,-3.13195538520813,-3.075005292892456,0.5602823495864868,-1.437375783920288,-3.4400603771209717,-3.1908133029937744,0.2225193977355957,-1.3942210674285889,-3.139414072036743,-3.598951578140259,-3.6188480854034424
219F,-4.796505928039551,-3.3103182315826416,-2.37577748298645,-4.051962852478027,-4.300015449523926,-2.878298044204712,-2.6895980834960938,-4.021180152893066,-1.2777860164642334,-2.201432466506958,-3.692798376083374,-2.6344335079193115,-4.0631103515625,0.0,-4.601120948791504,-3.113598108291626,-1.810354232788086,-3.0162723064422607,0.2772538661956787,-2.7347989082336426
220V,-3.223264455795288,-1.6048080921173096,-2.993650197982788,-3.4649064540863037,-3.173961877822876,-1.0822606086730957,-1.895280122756958,-3.7332656383514404,-3.4469168186187744,1.47835373878479,-2.1100032329559326,-2.5291850566864014,-1.0450572967529297,-3.8938357830047607,-3.491956949234009,-2.523963689804077,-0.7422606945037842,-3.0118987560272217,-3.7553012371063232,0.0
221T,-2.4094719886779785,-2.2472176551818848,-1.83750319480896,-0.44596052169799805,-2.8566460609436035,-1.5567190647125244,1.252439022064209,-3.6958107948303223,-2.2349233627319336,-2.0319175720214844,-3.821986198425293,-2.0790414810180664,-3.4898524284362793,-3.129673480987549,-3.8038878440856934,-1.3980722427368164,0.0,-3.386831283569336,-2.6746997833251953,-1.2969176769256592
222A,0.0,-5.883950710296631,-5.755349636077881,-5.618627548217773,-5.840942859649658,-5.711980819702148,-5.8849945068359375,-5.665683746337891,-5.654099464416504,-5.405728816986084,-5.760984420776367,-5.602401256561279,-5.611384391784668,-5.634255886077881,-5.1580071449279785,-4.617112159729004,-5.500851154327393,-5.782675266265869,-5.485848903656006,-5.544215202331543
223A,0.0,-4.4106950759887695,-2.062990188598633,0.6507372856140137,-4.109330177307129,-3.9881277084350586,-2.7258567810058594,-1.9065003395080566,-3.924076557159424,-4.041199207305908,-4.367745876312256,-3.9679975509643555,-3.907148838043213,-4.278669834136963,-4.253951549530029,-0.9226934909820557,-3.9377970695495605,-4.4177045822143555,-4.126338481903076,-4.439410209655762
224G,-5.494600772857666,-5.52592658996582,-5.399938106536865,-5.4547905921936035,-5.564413070678711,-5.462965488433838,-5.551520824432373,0.0,-5.588963508605957,-5.596710205078125,-5.5581560134887695,-5.453699111938477,-5.560675144195557,-5.57257604598999,-5.546703338623047,-5.594505310058594,-5.6025824546813965,-5.551053047180176,-5.510916233062744,-5.5732598304748535
225I,-6.315930366516113,-5.425853252410889,-5.462945461273193,-6.033771514892578,-6.047377586364746,-5.25784158706665,-6.077933311462402,-5.87974739074707,-5.982085227966309,0.0,-3.685586452484131,-4.933492660522461,-5.533479690551758,-6.142331123352051,-5.761817455291748,-6.002220153808594,-6.464717864990234,-5.61125373840332,-5.347300052642822,-4.597874164581299
226T,1.378072738647461,0.0416712760925293,0.5232369899749756,0.9287819862365723,-1.239454746246338,0.33106255531311035,1.558777093887329,-0.04619789123535156,-0.7749223709106445,-0.7975320816040039,-0.35285282135009766,1.39054274559021,-1.0087051391601562,-1.1162347793579102,3.4402015209198,1.192314863204956,0.0,-1.458834171295166,-0.968998908996582,-0.4490394592285156
227L,0.811934232711792,1.091801404953003,-0.15743660926818848,0.339735746383667,-1.3775417804718018,1.1472270488739014,1.9103902578353882,-0.8719942569732666,-0.27868151664733887,-0.14615917205810547,0.0,2.1188173294067383,-1.1743557453155518,-0.6562778949737549,1.5760161876678467,0.8961048126220703,0.3063976764678955,-1.2091939449310303,-0.6018297672271729,0.4104444980621338
